{
  "v": "5.4.3",
  "fr": 30,
  "ip": 0,
  "op": 120,
  "w": 128,
  "h": 128,
  "nm": "preview",
  "ddd": 0,
  "assets": [
    {
      "id": "comp_0",
      "layers": [
        {
          "ddd": 0,
          "ind": 1,
          "ty": 4,
          "nm": "logo_check Outlines",
          "sr": 1,
          "ks": {
            "o": {
              "a": 0,
              "k": 100,
              "ix": 11
            },
            "r": {
              "a": 1,
              "k": [
                {
                  "i": {
                    "x": [
                      0.667
                    ],
                    "y": [
                      1
                    ]
                  },
                  "o": {
                    "x": [
                      0.333
                    ],
                    "y": [
                      0
                    ]
                  },
                  "n": [
                    "0p667_1_0p333_0"
                  ],
                  "t": 0,
                  "s": [
                    -90
                  ],
                  "e": [
                    8
                  ]
                },
                {
                  "i": {
                    "x": [
                      0.667
                    ],
                    "y": [
                      1
                    ]
                  },
                  "o": {
                    "x": [
                      0.167
                    ],
                    "y": [
                      0
                    ]
                  },
                  "n": [
                    "0p667_1_0p167_0"
                  ],
                  "t": 7,
                  "s": [
                    8
                  ],
                  "e": [
                    -4
                  ]
                },
                {
                  "i": {
                    "x": [
                      0.667
                    ],
                    "y": [
                      1
                    ]
                  },
                  "o": {
                    "x": [
                      0.167
                    ],
                    "y": [
                      0
                    ]
                  },
                  "n": [
                    "0p667_1_0p167_0"
                  ],
                  "t": 13,
                  "s": [
                    -4
                  ],
                  "e": [
                    2
                  ]
                },
                {
                  "i": {
                    "x": [
                      0.667
                    ],
                    "y": [
                      1
                    ]
                  },
                  "o": {
                    "x": [
                      0.167
                    ],
                    "y": [
                      0
                    ]
                  },
                  "n": [
                    "0p667_1_0p167_0"
                  ],
                  "t": 18,
                  "s": [
                    2
                  ],
                  "e": [
                    -1
                  ]
                },
                {
                  "i": {
                    "x": [
                      0.667
                    ],
                    "y": [
                      1
                    ]
                  },
                  "o": {
                    "x": [
                      0.167
                    ],
                    "y": [
                      0
                    ]
                  },
                  "n": [
                    "0p667_1_0p167_0"
                  ],
                  "t": 22,
                  "s": [
                    -1
                  ],
                  "e": [
                    1
                  ]
                },
                {
                  "i": {
                    "x": [
                      0.667
                    ],
                    "y": [
                      1
                    ]
                  },
                  "o": {
                    "x": [
                      0.167
                    ],
                    "y": [
                      0
                    ]
                  },
                  "n": [
                    "0p667_1_0p167_0"
                  ],
                  "t": 25,
                  "s": [
                    1
                  ],
                  "e": [
                    0
                  ]
                },
                {
                  "t": 27
                }
              ],
              "ix": 10
            },
            "p": {
              "a": 0,
              "k": [
                64,
                64,
                0
              ],
              "ix": 2
            },
            "a": {
              "a": 0,
              "k": [
                80,
                80,
                0
              ],
              "ix": 1
            },
            "s": {
              "a": 1,
              "k": [
                {
                  "i": {
                    "x": [
                      0.667,
                      0.667,
                      0.667
                    ],
                    "y": [
                      1,
                      1,
                      1
                    ]
                  },
                  "o": {
                    "x": [
                      0.333,
                      0.333,
                      0.333
                    ],
                    "y": [
                      0,
                      0,
                      0
                    ]
                  },
                  "n": [
                    "0p667_1_0p333_0",
                    "0p667_1_0p333_0",
                    "0p667_1_0p333_0"
                  ],
                  "t": 0,
                  "s": [
                    40,
                    40,
                    100
                  ],
                  "e": [
                    100,
                    100,
                    100
                  ]
                },
                {
                  "t": 7
                }
              ],
              "ix": 6
            }
          },
          "ao": 0,
          "shapes": [
            {
              "ty": "gr",
              "it": [
                {
                  "ind": 0,
                  "ty": "sh",
                  "ix": 1,
                  "ks": {
                    "a": 0,
                    "k": {
                      "i": [
                        [
                          0,
                          0
                        ],
                        [
                          -0.776,
                          -0.792
                        ],
                        [
                          0,
                          0
                        ],
                        [
                          0.777,
                          -0.793
                        ],
                        [
                          0,
                          0
                        ],
                        [
                          0.776,
                          0.793
                        ],
                        [
                          0,
                          0
                        ],
                        [
                          -0.778,
                          0.792
                        ],
                        [
                          0,
                          0
                        ],
                        [
                          -0.775,
                          -0.793
                        ],
                        [
                          0,
                          0
                        ]
                      ],
                      "o": [
                        [
                          0.778,
                          -0.792
                        ],
                        [
                          0,
                          0
                        ],
                        [
                          0.777,
                          0.794
                        ],
                        [
                          0,
                          0
                        ],
                        [
                          -0.778,
                          0.793
                        ],
                        [
                          0,
                          0
                        ],
                        [
                          -0.778,
                          -0.792
                        ],
                        [
                          0,
                          0
                        ],
                        [
                          0.775,
                          -0.793
                        ],
                        [
                          0,
                          0
                        ],
                        [
                          0,
                          0
                        ]
                      ],
                      "v": [
                        [
                          22.693,
                          -24.365
                        ],
                        [
                          25.508,
                          -24.365
                        ],
                        [
                          29.924,
                          -19.864
                        ],
                        [
                          29.924,
                          -16.995
                        ],
                        [
                          -10.643,
                          24.364
                        ],
                        [
                          -13.454,
                          24.364
                        ],
                        [
                          -29.923,
                          7.576
                        ],
                        [
                          -29.923,
                          4.708
                        ],
                        [
                          -25.505,
                          0.205
                        ],
                        [
                          -22.693,
                          0.205
                        ],
                        [
                          -12.049,
                          11.057
                        ]
                      ],
                      "c": true
                    },
                    "ix": 2
                  },
                  "nm": "Path 1",
                  "mn": "ADBE Vector Shape - Group",
                  "hd": false
                },
                {
                  "ty": "fl",
                  "c": {
                    "a": 0,
                    "k": [
                      0.094,
                      0.859,
                      0.471,
                      1
                    ],
                    "ix": 4
                  },
                  "o": {
                    "a": 0,
                    "k": 100,
                    "ix": 5
                  },
                  "r": 1,
                  "bm": 0,
                  "nm": "Fill 1",
                  "mn": "ADBE Vector Graphic - Fill",
                  "hd": false
                },
                {
                  "ty": "tr",
                  "p": {
                    "a": 0,
                    "k": [
                      79.592,
                      79.592
                    ],
                    "ix": 2
                  },
                  "a": {
                    "a": 0,
                    "k": [
                      0,
                      0
                    ],
                    "ix": 1
                  },
                  "s": {
                    "a": 0,
                    "k": [
                      100,
                      100
                    ],
                    "ix": 3
                  },
                  "r": {
                    "a": 0,
                    "k": 0,
                    "ix": 6
                  },
                  "o": {
                    "a": 0,
                    "k": 100,
                    "ix": 7
                  },
                  "sk": {
                    "a": 0,
                    "k": 0,
                    "ix": 4
                  },
                  "sa": {
                    "a": 0,
                    "k": 0,
                    "ix": 5
                  },
                  "nm": "Transform"
                }
              ],
              "nm": "Group 1",
              "np": 2,
              "cix": 2,
              "bm": 0,
              "ix": 1,
              "mn": "ADBE Vector Group",
              "hd": false
            }
          ],
          "ip": 0,
          "op": 60,
          "st": -30,
          "bm": 0
        }
      ]
    },
    {
      "id": "comp_1",
      "layers": [
        {
          "ddd": 0,
          "ind": 1,
          "ty": 4,
          "nm": "hand 3",
          "sr": 1,
          "ks": {
            "o": {
              "a": 0,
              "k": 100,
              "ix": 11
            },
            "r": {
              "a": 0,
              "k": 0,
              "ix": 10
            },
            "p": {
              "a": 1,
              "k": [
                {
                  "i": {
                    "x": 0.667,
                    "y": 1
                  },
                  "o": {
                    "x": 0.333,
                    "y": 0
                  },
                  "n": "0p667_1_0p333_0",
                  "t": 27,
                  "s": [
                    126,
                    162,
                    0
                  ],
                  "e": [
                    -68,
                    162,
                    0
                  ],
                  "to": [
                    -32.3333435058594,
                    0,
                    0
                  ],
                  "ti": [
                    32.3333435058594,
                    0,
                    0
                  ]
                },
                {
                  "t": 37
                }
              ],
              "ix": 2
            },
            "a": {
              "a": 0,
              "k": [
                320,
                320,
                0
              ],
              "ix": 1
            },
            "s": {
              "a": 0,
              "k": [
                20,
                20,
                100
              ],
              "ix": 6
            }
          },
          "ao": 0,
          "shapes": [
            {
              "ty": "gr",
              "it": [
                {
                  "ind": 0,
                  "ty": "sh",
                  "ix": 1,
                  "ks": {
                    "a": 0,
                    "k": {
                      "i": [
                        [
                          39.6,
                          -14.406
                        ],
                        [
                          0,
                          0
                        ],
                        [
                          0,
                          0
                        ],
                        [
                          -37.411,
                          -1.461
                        ],
                        [
                          -11.187,
                          4.713
                        ],
                        [
                          -7.719,
                          -0.361
                        ],
                        [
                          0,
                          0
                        ],
                        [
                          1.835,
                          44.334
                        ],
                        [
                          0,
                          0
                        ],
                        [
                          0,
                          0
                        ],
                        [
                          0,
                          0
                        ],
                        [
                          0,
                          0
                        ],
                        [
                          0,
                          0
                        ],
                        [
                          0,
                          0
                        ],
                        [
                          38.465,
                          3.474
                        ],
                        [
                          1.806,
                          0
                        ]
                      ],
                      "o": [
                        [
                          -66.659,
                          24.255
                        ],
                        [
                          0,
                          0
                        ],
                        [
                          24.736,
                          19.293
                        ],
                        [
                          19.033,
                          0.749
                        ],
                        [
                          10.795,
                          -4.547
                        ],
                        [
                          0,
                          0
                        ],
                        [
                          0,
                          0
                        ],
                        [
                          -1.576,
                          -37.895
                        ],
                        [
                          0,
                          0
                        ],
                        [
                          42.65,
                          -26.948
                        ],
                        [
                          13.467,
                          21.927
                        ],
                        [
                          0,
                          0
                        ],
                        [
                          0,
                          0
                        ],
                        [
                          0,
                          0
                        ],
                        [
                          -1.809,
                          -0.164
                        ],
                        [
                          -29.017,
                          0.002
                        ]
                      ],
                      "v": [
                        [
                          -26.092,
                          -105.62
                        ],
                        [
                          -130,
                          -62.301
                        ],
                        [
                          -130,
                          92.907
                        ],
                        [
                          -38.947,
                          139.586
                        ],
                        [
                          5.227,
                          130.91
                        ],
                        [
                          31.96,
                          122.175
                        ],
                        [
                          130.98,
                          122.175
                        ],
                        [
                          193.994,
                          78.427
                        ],
                        [
                          139.983,
                          43.429
                        ],
                        [
                          31.96,
                          43.429
                        ],
                        [
                          90.553,
                          -31.809
                        ],
                        [
                          139.983,
                          25.93
                        ],
                        [
                          230,
                          25.93
                        ],
                        [
                          158.237,
                          -75.652
                        ],
                        [
                          76.888,
                          -140.093
                        ],
                        [
                          71.471,
                          -140.335
                        ]
                      ],
                      "c": true
                    },
                    "ix": 2
                  },
                  "nm": "Path 1",
                  "mn": "ADBE Vector Shape - Group",
                  "hd": false
                },
                {
                  "ind": 1,
                  "ty": "sh",
                  "ix": 2,
                  "ks": {
                    "a": 0,
                    "k": {
                      "i": [
                        [
                          0,
                          0
                        ],
                        [
                          0,
                          0
                        ],
                        [
                          0,
                          0
                        ],
                        [
                          0,
                          0
                        ]
                      ],
                      "o": [
                        [
                          0,
                          0
                        ],
                        [
                          0,
                          0
                        ],
                        [
                          0,
                          0
                        ],
                        [
                          0,
                          0
                        ]
                      ],
                      "v": [
                        [
                          -230,
                          119.689
                        ],
                        [
                          -150,
                          119.689
                        ],
                        [
                          -150,
                          -80.311
                        ],
                        [
                          -230,
                          -80.311
                        ]
                      ],
                      "c": true
                    },
                    "ix": 2
                  },
                  "nm": "Path 2",
                  "mn": "ADBE Vector Shape - Group",
                  "hd": false
                },
                {
                  "ty": "mm",
                  "mm": 1,
                  "nm": "Merge Paths 1",
                  "mn": "ADBE Vector Filter - Merge",
                  "hd": false
                },
                {
                  "ty": "fl",
                  "c": {
                    "a": 0,
                    "k": [
                      0.831234693527,
                      0.831234693527,
                      0.831234693527,
                      1
                    ],
                    "ix": 4
                  },
                  "o": {
                    "a": 0,
                    "k": 100,
                    "ix": 5
                  },
                  "r": 1,
                  "bm": 0,
                  "nm": "Fill 1",
                  "mn": "ADBE Vector Graphic - Fill",
                  "hd": false
                },
                {
                  "ty": "tr",
                  "p": {
                    "a": 0,
                    "k": [
                      230,
                      270.335
                    ],
                    "ix": 2
                  },
                  "a": {
                    "a": 0,
                    "k": [
                      0,
                      0
                    ],
                    "ix": 1
                  },
                  "s": {
                    "a": 0,
                    "k": [
                      100,
                      100
                    ],
                    "ix": 3
                  },
                  "r": {
                    "a": 0,
                    "k": 0,
                    "ix": 6
                  },
                  "o": {
                    "a": 0,
                    "k": 100,
                    "ix": 7
                  },
                  "sk": {
                    "a": 0,
                    "k": 0,
                    "ix": 4
                  },
                  "sa": {
                    "a": 0,
                    "k": 0,
                    "ix": 5
                  },
                  "nm": "Transform"
                }
              ],
              "nm": "Group 2",
              "np": 4,
              "cix": 2,
              "bm": 0,
              "ix": 1,
              "mn": "ADBE Vector Group",
              "hd": false
            }
          ],
          "ip": 27,
          "op": 60,
          "st": -7,
          "bm": 0
        },
        {
          "ddd": 0,
          "ind": 2,
          "ty": 4,
          "nm": "hand 2",
          "sr": 1,
          "ks": {
            "o": {
              "a": 0,
              "k": 100,
              "ix": 11
            },
            "r": {
              "a": 1,
              "k": [
                {
                  "i": {
                    "x": [
                      0.667
                    ],
                    "y": [
                      1
                    ]
                  },
                  "o": {
                    "x": [
                      0.333
                    ],
                    "y": [
                      0
                    ]
                  },
                  "n": [
                    "0p667_1_0p333_0"
                  ],
                  "t": 24,
                  "s": [
                    0
                  ],
                  "e": [
                    0
                  ]
                },
                {
                  "t": 27
                }
              ],
              "ix": 10
            },
            "p": {
              "a": 1,
              "k": [
                {
                  "i": {
                    "x": 0.667,
                    "y": 1
                  },
                  "o": {
                    "x": 0.333,
                    "y": 0
                  },
                  "n": "0p667_1_0p333_0",
                  "t": 24,
                  "s": [
                    126,
                    154,
                    0
                  ],
                  "e": [
                    126,
                    162,
                    0
                  ],
                  "to": [
                    0,
                    1.33333337306976,
                    0
                  ],
                  "ti": [
                    0,
                    -1.33333337306976,
                    0
                  ]
                },
                {
                  "t": 27
                }
              ],
              "ix": 2
            },
            "a": {
              "a": 0,
              "k": [
                320,
                320,
                0
              ],
              "ix": 1
            },
            "s": {
              "a": 0,
              "k": [
                20,
                20,
                100
              ],
              "ix": 6
            }
          },
          "ao": 0,
          "shapes": [
            {
              "ty": "gr",
              "it": [
                {
                  "ind": 0,
                  "ty": "sh",
                  "ix": 1,
                  "ks": {
                    "a": 0,
                    "k": {
                      "i": [
                        [
                          39.6,
                          -14.406
                        ],
                        [
                          0,
                          0
                        ],
                        [
                          0,
                          0
                        ],
                        [
                          -37.411,
                          -1.461
                        ],
                        [
                          -11.187,
                          4.713
                        ],
                        [
                          -7.719,
                          -0.361
                        ],
                        [
                          0,
                          0
                        ],
                        [
                          1.835,
                          44.334
                        ],
                        [
                          0,
                          0
                        ],
                        [
                          0,
                          0
                        ],
                        [
                          0,
                          0
                        ],
                        [
                          0,
                          0
                        ],
                        [
                          0,
                          0
                        ],
                        [
                          0,
                          0
                        ],
                        [
                          38.465,
                          3.474
                        ],
                        [
                          1.806,
                          0
                        ]
                      ],
                      "o": [
                        [
                          -66.659,
                          24.255
                        ],
                        [
                          0,
                          0
                        ],
                        [
                          24.736,
                          19.293
                        ],
                        [
                          19.033,
                          0.749
                        ],
                        [
                          10.795,
                          -4.547
                        ],
                        [
                          0,
                          0
                        ],
                        [
                          0,
                          0
                        ],
                        [
                          -1.576,
                          -37.895
                        ],
                        [
                          0,
                          0
                        ],
                        [
                          42.65,
                          -26.948
                        ],
                        [
                          13.467,
                          21.927
                        ],
                        [
                          0,
                          0
                        ],
                        [
                          0,
                          0
                        ],
                        [
                          0,
                          0
                        ],
                        [
                          -1.809,
                          -0.164
                        ],
                        [
                          -29.017,
                          0.002
                        ]
                      ],
                      "v": [
                        [
                          -26.092,
                          -105.62
                        ],
                        [
                          -130,
                          -62.301
                        ],
                        [
                          -130,
                          92.907
                        ],
                        [
                          -38.947,
                          139.586
                        ],
                        [
                          5.227,
                          130.91
                        ],
                        [
                          31.96,
                          122.175
                        ],
                        [
                          130.98,
                          122.175
                        ],
                        [
                          193.994,
                          78.427
                        ],
                        [
                          139.983,
                          43.429
                        ],
                        [
                          31.96,
                          43.429
                        ],
                        [
                          90.553,
                          -31.809
                        ],
                        [
                          139.983,
                          25.93
                        ],
                        [
                          230,
                          25.93
                        ],
                        [
                          158.237,
                          -75.652
                        ],
                        [
                          76.888,
                          -140.093
                        ],
                        [
                          71.471,
                          -140.335
                        ]
                      ],
                      "c": true
                    },
                    "ix": 2
                  },
                  "nm": "Path 1",
                  "mn": "ADBE Vector Shape - Group",
                  "hd": false
                },
                {
                  "ind": 1,
                  "ty": "sh",
                  "ix": 2,
                  "ks": {
                    "a": 0,
                    "k": {
                      "i": [
                        [
                          0,
                          0
                        ],
                        [
                          0,
                          0
                        ],
                        [
                          0,
                          0
                        ],
                        [
                          0,
                          0
                        ]
                      ],
                      "o": [
                        [
                          0,
                          0
                        ],
                        [
                          0,
                          0
                        ],
                        [
                          0,
                          0
                        ],
                        [
                          0,
                          0
                        ]
                      ],
                      "v": [
                        [
                          -230,
                          119.689
                        ],
                        [
                          -150,
                          119.689
                        ],
                        [
                          -150,
                          -80.311
                        ],
                        [
                          -230,
                          -80.311
                        ]
                      ],
                      "c": true
                    },
                    "ix": 2
                  },
                  "nm": "Path 2",
                  "mn": "ADBE Vector Shape - Group",
                  "hd": false
                },
                {
                  "ty": "mm",
                  "mm": 1,
                  "nm": "Merge Paths 1",
                  "mn": "ADBE Vector Filter - Merge",
                  "hd": false
                },
                {
                  "ty": "fl",
                  "c": {
                    "a": 0,
                    "k": [
                      0.831234693527,
                      0.831234693527,
                      0.831234693527,
                      1
                    ],
                    "ix": 4
                  },
                  "o": {
                    "a": 0,
                    "k": 100,
                    "ix": 5
                  },
                  "r": 1,
                  "bm": 0,
                  "nm": "Fill 1",
                  "mn": "ADBE Vector Graphic - Fill",
                  "hd": false
                },
                {
                  "ty": "tr",
                  "p": {
                    "a": 0,
                    "k": [
                      230,
                      270.335
                    ],
                    "ix": 2
                  },
                  "a": {
                    "a": 0,
                    "k": [
                      0,
                      0
                    ],
                    "ix": 1
                  },
                  "s": {
                    "a": 0,
                    "k": [
                      100,
                      100
                    ],
                    "ix": 3
                  },
                  "r": {
                    "a": 0,
                    "k": 0,
                    "ix": 6
                  },
                  "o": {
                    "a": 0,
                    "k": 100,
                    "ix": 7
                  },
                  "sk": {
                    "a": 0,
                    "k": 0,
                    "ix": 4
                  },
                  "sa": {
                    "a": 0,
                    "k": 0,
                    "ix": 5
                  },
                  "nm": "Transform"
                }
              ],
              "nm": "Group 2",
              "np": 4,
              "cix": 2,
              "bm": 0,
              "ix": 1,
              "mn": "ADBE Vector Group",
              "hd": false
            }
          ],
          "ip": 24,
          "op": 27,
          "st": -2,
          "bm": 0
        },
        {
          "ddd": 0,
          "ind": 3,
          "ty": 4,
          "nm": "hand",
          "sr": 1,
          "ks": {
            "o": {
              "a": 0,
              "k": 100,
              "ix": 11
            },
            "r": {
              "a": 1,
              "k": [
                {
                  "i": {
                    "x": [
                      0.667
                    ],
                    "y": [
                      1
                    ]
                  },
                  "o": {
                    "x": [
                      0.333
                    ],
                    "y": [
                      0
                    ]
                  },
                  "n": [
                    "0p667_1_0p333_0"
                  ],
                  "t": 10,
                  "s": [
                    12
                  ],
                  "e": [
                    12
                  ]
                },
                {
                  "i": {
                    "x": [
                      0.667
                    ],
                    "y": [
                      1
                    ]
                  },
                  "o": {
                    "x": [
                      0.333
                    ],
                    "y": [
                      0
                    ]
                  },
                  "n": [
                    "0p667_1_0p333_0"
                  ],
                  "t": 18,
                  "s": [
                    12
                  ],
                  "e": [
                    0
                  ]
                },
                {
                  "t": 24
                }
              ],
              "ix": 10
            },
            "p": {
              "a": 1,
              "k": [
                {
                  "i": {
                    "x": 0.833,
                    "y": 1
                  },
                  "o": {
                    "x": 0.333,
                    "y": 0
                  },
                  "n": "0p833_1_0p333_0",
                  "t": 10,
                  "s": [
                    -70,
                    106,
                    0
                  ],
                  "e": [
                    70,
                    106,
                    0
                  ],
                  "to": [
                    21.1666774749756,
                    6.83333349227905,
                    0
                  ],
                  "ti": [
                    -69.3383712768555,
                    -22.3848190307617,
                    0
                  ]
                },
                {
                  "i": {
                    "x": 0.667,
                    "y": 1
                  },
                  "o": {
                    "x": 0.333,
                    "y": 0
                  },
                  "n": "0p667_1_0p333_0",
                  "t": 18,
                  "s": [
                    70,
                    106,
                    0
                  ],
                  "e": [
                    126,
                    154,
                    0
                  ],
                  "to": [
                    21.1666774749756,
                    6.83333349227905,
                    0
                  ],
                  "ti": [
                    -18.1666774749756,
                    -1,
                    0
                  ]
                },
                {
                  "t": 24
                }
              ],
              "ix": 2
            },
            "a": {
              "a": 0,
              "k": [
                320,
                320,
                0
              ],
              "ix": 1
            },
            "s": {
              "a": 0,
              "k": [
                20,
                20,
                100
              ],
              "ix": 6
            }
          },
          "ao": 0,
          "shapes": [
            {
              "ty": "gr",
              "it": [
                {
                  "ind": 0,
                  "ty": "sh",
                  "ix": 1,
                  "ks": {
                    "a": 0,
                    "k": {
                      "i": [
                        [
                          39.6,
                          -14.406
                        ],
                        [
                          0,
                          0
                        ],
                        [
                          0,
                          0
                        ],
                        [
                          -37.411,
                          -1.461
                        ],
                        [
                          -11.187,
                          4.713
                        ],
                        [
                          -7.719,
                          -0.361
                        ],
                        [
                          0,
                          0
                        ],
                        [
                          1.835,
                          44.334
                        ],
                        [
                          0,
                          0
                        ],
                        [
                          0,
                          0
                        ],
                        [
                          0,
                          0
                        ],
                        [
                          0,
                          0
                        ],
                        [
                          0,
                          0
                        ],
                        [
                          0,
                          0
                        ],
                        [
                          38.465,
                          3.474
                        ],
                        [
                          1.806,
                          0
                        ]
                      ],
                      "o": [
                        [
                          -66.659,
                          24.255
                        ],
                        [
                          0,
                          0
                        ],
                        [
                          24.736,
                          19.293
                        ],
                        [
                          19.033,
                          0.749
                        ],
                        [
                          10.795,
                          -4.547
                        ],
                        [
                          0,
                          0
                        ],
                        [
                          0,
                          0
                        ],
                        [
                          -1.576,
                          -37.895
                        ],
                        [
                          0,
                          0
                        ],
                        [
                          42.65,
                          -26.948
                        ],
                        [
                          13.467,
                          21.927
                        ],
                        [
                          0,
                          0
                        ],
                        [
                          0,
                          0
                        ],
                        [
                          0,
                          0
                        ],
                        [
                          -1.809,
                          -0.164
                        ],
                        [
                          -29.017,
                          0.002
                        ]
                      ],
                      "v": [
                        [
                          -26.092,
                          -105.62
                        ],
                        [
                          -130,
                          -62.301
                        ],
                        [
                          -130,
                          92.907
                        ],
                        [
                          -38.947,
                          139.586
                        ],
                        [
                          5.227,
                          130.91
                        ],
                        [
                          31.96,
                          122.175
                        ],
                        [
                          130.98,
                          122.175
                        ],
                        [
                          193.994,
                          78.427
                        ],
                        [
                          139.983,
                          43.429
                        ],
                        [
                          31.96,
                          43.429
                        ],
                        [
                          90.553,
                          -31.809
                        ],
                        [
                          139.983,
                          25.93
                        ],
                        [
                          230,
                          25.93
                        ],
                        [
                          158.237,
                          -75.652
                        ],
                        [
                          76.888,
                          -140.093
                        ],
                        [
                          71.471,
                          -140.335
                        ]
                      ],
                      "c": true
                    },
                    "ix": 2
                  },
                  "nm": "Path 1",
                  "mn": "ADBE Vector Shape - Group",
                  "hd": false
                },
                {
                  "ind": 1,
                  "ty": "sh",
                  "ix": 2,
                  "ks": {
                    "a": 0,
                    "k": {
                      "i": [
                        [
                          0,
                          0
                        ],
                        [
                          0,
                          0
                        ],
                        [
                          0,
                          0
                        ],
                        [
                          0,
                          0
                        ]
                      ],
                      "o": [
                        [
                          0,
                          0
                        ],
                        [
                          0,
                          0
                        ],
                        [
                          0,
                          0
                        ],
                        [
                          0,
                          0
                        ]
                      ],
                      "v": [
                        [
                          -230,
                          119.689
                        ],
                        [
                          -150,
                          119.689
                        ],
                        [
                          -150,
                          -80.311
                        ],
                        [
                          -230,
                          -80.311
                        ]
                      ],
                      "c": true
                    },
                    "ix": 2
                  },
                  "nm": "Path 2",
                  "mn": "ADBE Vector Shape - Group",
                  "hd": false
                },
                {
                  "ty": "mm",
                  "mm": 1,
                  "nm": "Merge Paths 1",
                  "mn": "ADBE Vector Filter - Merge",
                  "hd": false
                },
                {
                  "ty": "fl",
                  "c": {
                    "a": 0,
                    "k": [
                      0.831234693527,
                      0.831234693527,
                      0.831234693527,
                      1
                    ],
                    "ix": 4
                  },
                  "o": {
                    "a": 0,
                    "k": 100,
                    "ix": 5
                  },
                  "r": 1,
                  "bm": 0,
                  "nm": "Fill 1",
                  "mn": "ADBE Vector Graphic - Fill",
                  "hd": false
                },
                {
                  "ty": "tr",
                  "p": {
                    "a": 0,
                    "k": [
                      230,
                      270.335
                    ],
                    "ix": 2
                  },
                  "a": {
                    "a": 0,
                    "k": [
                      0,
                      0
                    ],
                    "ix": 1
                  },
                  "s": {
                    "a": 0,
                    "k": [
                      100,
                      100
                    ],
                    "ix": 3
                  },
                  "r": {
                    "a": 0,
                    "k": 0,
                    "ix": 6
                  },
                  "o": {
                    "a": 0,
                    "k": 100,
                    "ix": 7
                  },
                  "sk": {
                    "a": 0,
                    "k": 0,
                    "ix": 4
                  },
                  "sa": {
                    "a": 0,
                    "k": 0,
                    "ix": 5
                  },
                  "nm": "Transform"
                }
              ],
              "nm": "Group 2",
              "np": 4,
              "cix": 2,
              "bm": 0,
              "ix": 1,
              "mn": "ADBE Vector Group",
              "hd": false
            }
          ],
          "ip": 0,
          "op": 24,
          "st": 0,
          "bm": 0
        },
        {
          "ddd": 0,
          "ind": 4,
          "ty": 4,
          "nm": "card 4",
          "sr": 1,
          "ks": {
            "o": {
              "a": 0,
              "k": 100,
              "ix": 11
            },
            "r": {
              "a": 0,
              "k": 0,
              "ix": 10
            },
            "p": {
              "a": 1,
              "k": [
                {
                  "i": {
                    "x": 0.667,
                    "y": 1
                  },
                  "o": {
                    "x": 0.333,
                    "y": 0
                  },
                  "n": "0p667_1_0p333_0",
                  "t": 27,
                  "s": [
                    126,
                    162,
                    0
                  ],
                  "e": [
                    -68,
                    162,
                    0
                  ],
                  "to": [
                    -32.3333435058594,
                    0,
                    0
                  ],
                  "ti": [
                    32.3333435058594,
                    0,
                    0
                  ]
                },
                {
                  "t": 37
                }
              ],
              "ix": 2
            },
            "a": {
              "a": 0,
              "k": [
                320,
                320,
                0
              ],
              "ix": 1
            },
            "s": {
              "a": 0,
              "k": [
                20,
                20,
                100
              ],
              "ix": 6
            }
          },
          "ao": 0,
          "shapes": [
            {
              "ty": "gr",
              "it": [
                {
                  "ind": 0,
                  "ty": "sh",
                  "ix": 1,
                  "ks": {
                    "a": 0,
                    "k": {
                      "i": [
                        [
                          0,
                          0
                        ],
                        [
                          0,
                          0
                        ],
                        [
                          0,
                          0
                        ],
                        [
                          -0.793,
                          -24.176
                        ],
                        [
                          0,
                          0
                        ],
                        [
                          0,
                          0
                        ],
                        [
                          0,
                          0
                        ],
                        [
                          0,
                          0
                        ],
                        [
                          -19.486,
                          0
                        ],
                        [
                          0,
                          0
                        ],
                        [
                          0,
                          0
                        ],
                        [
                          0,
                          0
                        ],
                        [
                          0,
                          0
                        ]
                      ],
                      "o": [
                        [
                          0,
                          0
                        ],
                        [
                          0,
                          0
                        ],
                        [
                          0,
                          0
                        ],
                        [
                          1.938,
                          59.5
                        ],
                        [
                          0,
                          0
                        ],
                        [
                          0,
                          0
                        ],
                        [
                          0,
                          0
                        ],
                        [
                          0,
                          19.571
                        ],
                        [
                          0,
                          0
                        ],
                        [
                          31.273,
                          0
                        ],
                        [
                          0,
                          0
                        ],
                        [
                          0,
                          0
                        ],
                        [
                          0,
                          -31.274
                        ]
                      ],
                      "v": [
                        [
                          145.723,
                          -124.255
                        ],
                        [
                          30,
                          -124.255
                        ],
                        [
                          -39.048,
                          -124.255
                        ],
                        [
                          -21.428,
                          -80.505
                        ],
                        [
                          -91.904,
                          -28.005
                        ],
                        [
                          -180,
                          -28.005
                        ],
                        [
                          -180,
                          89.978
                        ],
                        [
                          -179.911,
                          89.978
                        ],
                        [
                          -145.634,
                          124.255
                        ],
                        [
                          145.723,
                          124.255
                        ],
                        [
                          180,
                          89.978
                        ],
                        [
                          180,
                          -89.255
                        ],
                        [
                          180,
                          -89.978
                        ]
                      ],
                      "c": true
                    },
                    "ix": 2
                  },
                  "nm": "Path 1",
                  "mn": "ADBE Vector Shape - Group",
                  "hd": false
                },
                {
                  "ty": "fl",
                  "c": {
                    "a": 0,
                    "k": [
                      0.859,
                      0.094,
                      0.094,
                      1
                    ],
                    "ix": 4
                  },
                  "o": {
                    "a": 0,
                    "k": 100,
                    "ix": 5
                  },
                  "r": 1,
                  "bm": 0,
                  "nm": "Fill 1",
                  "mn": "ADBE Vector Graphic - Fill",
                  "hd": false
                },
                {
                  "ty": "tr",
                  "p": {
                    "a": 0,
                    "k": [
                      460,
                      434.255
                    ],
                    "ix": 2
                  },
                  "a": {
                    "a": 0,
                    "k": [
                      0,
                      0
                    ],
                    "ix": 1
                  },
                  "s": {
                    "a": 0,
                    "k": [
                      100,
                      100
                    ],
                    "ix": 3
                  },
                  "r": {
                    "a": 0,
                    "k": 0,
                    "ix": 6
                  },
                  "o": {
                    "a": 0,
                    "k": 100,
                    "ix": 7
                  },
                  "sk": {
                    "a": 0,
                    "k": 0,
                    "ix": 4
                  },
                  "sa": {
                    "a": 0,
                    "k": 0,
                    "ix": 5
                  },
                  "nm": "Transform"
                }
              ],
              "nm": "Group 1",
              "np": 2,
              "cix": 2,
              "bm": 0,
              "ix": 1,
              "mn": "ADBE Vector Group",
              "hd": false
            }
          ],
          "ip": 27,
          "op": 60,
          "st": 27,
          "bm": 0
        },
        {
          "ddd": 0,
          "ind": 5,
          "ty": 4,
          "nm": "card 3",
          "sr": 1,
          "ks": {
            "o": {
              "a": 0,
              "k": 100,
              "ix": 11
            },
            "r": {
              "a": 1,
              "k": [
                {
                  "i": {
                    "x": [
                      0.667
                    ],
                    "y": [
                      1
                    ]
                  },
                  "o": {
                    "x": [
                      0.333
                    ],
                    "y": [
                      0
                    ]
                  },
                  "n": [
                    "0p667_1_0p333_0"
                  ],
                  "t": 24,
                  "s": [
                    0
                  ],
                  "e": [
                    0
                  ]
                },
                {
                  "t": 27
                }
              ],
              "ix": 10
            },
            "p": {
              "a": 1,
              "k": [
                {
                  "i": {
                    "x": 0.667,
                    "y": 1
                  },
                  "o": {
                    "x": 0.333,
                    "y": 0
                  },
                  "n": "0p667_1_0p333_0",
                  "t": 24,
                  "s": [
                    126,
                    154,
                    0
                  ],
                  "e": [
                    126,
                    162,
                    0
                  ],
                  "to": [
                    0,
                    1.33333337306976,
                    0
                  ],
                  "ti": [
                    0,
                    -1.33333337306976,
                    0
                  ]
                },
                {
                  "t": 27
                }
              ],
              "ix": 2
            },
            "a": {
              "a": 0,
              "k": [
                320,
                320,
                0
              ],
              "ix": 1
            },
            "s": {
              "a": 0,
              "k": [
                20,
                20,
                100
              ],
              "ix": 6
            }
          },
          "ao": 0,
          "shapes": [
            {
              "ty": "gr",
              "it": [
                {
                  "ind": 0,
                  "ty": "sh",
                  "ix": 1,
                  "ks": {
                    "a": 0,
                    "k": {
                      "i": [
                        [
                          0,
                          0
                        ],
                        [
                          0,
                          0
                        ],
                        [
                          0,
                          0
                        ],
                        [
                          -0.793,
                          -24.176
                        ],
                        [
                          0,
                          0
                        ],
                        [
                          0,
                          0
                        ],
                        [
                          0,
                          0
                        ],
                        [
                          0,
                          0
                        ],
                        [
                          -19.486,
                          0
                        ],
                        [
                          0,
                          0
                        ],
                        [
                          0,
                          0
                        ],
                        [
                          0,
                          0
                        ],
                        [
                          0,
                          0
                        ]
                      ],
                      "o": [
                        [
                          0,
                          0
                        ],
                        [
                          0,
                          0
                        ],
                        [
                          0,
                          0
                        ],
                        [
                          1.938,
                          59.5
                        ],
                        [
                          0,
                          0
                        ],
                        [
                          0,
                          0
                        ],
                        [
                          0,
                          0
                        ],
                        [
                          0,
                          19.571
                        ],
                        [
                          0,
                          0
                        ],
                        [
                          31.273,
                          0
                        ],
                        [
                          0,
                          0
                        ],
                        [
                          0,
                          0
                        ],
                        [
                          0,
                          -31.274
                        ]
                      ],
                      "v": [
                        [
                          145.723,
                          -124.255
                        ],
                        [
                          30,
                          -124.255
                        ],
                        [
                          -39.048,
                          -124.255
                        ],
                        [
                          -21.428,
                          -80.505
                        ],
                        [
                          -91.904,
                          -28.005
                        ],
                        [
                          -180,
                          -28.005
                        ],
                        [
                          -180,
                          89.978
                        ],
                        [
                          -179.911,
                          89.978
                        ],
                        [
                          -145.634,
                          124.255
                        ],
                        [
                          145.723,
                          124.255
                        ],
                        [
                          180,
                          89.978
                        ],
                        [
                          180,
                          -89.255
                        ],
                        [
                          180,
                          -89.978
                        ]
                      ],
                      "c": true
                    },
                    "ix": 2
                  },
                  "nm": "Path 1",
                  "mn": "ADBE Vector Shape - Group",
                  "hd": false
                },
                {
                  "ty": "fl",
                  "c": {
                    "a": 0,
                    "k": [
                      0.859,
                      0.094,
                      0.094,
                      1
                    ],
                    "ix": 4
                  },
                  "o": {
                    "a": 0,
                    "k": 100,
                    "ix": 5
                  },
                  "r": 1,
                  "bm": 0,
                  "nm": "Fill 1",
                  "mn": "ADBE Vector Graphic - Fill",
                  "hd": false
                },
                {
                  "ty": "tr",
                  "p": {
                    "a": 0,
                    "k": [
                      460,
                      434.255
                    ],
                    "ix": 2
                  },
                  "a": {
                    "a": 0,
                    "k": [
                      0,
                      0
                    ],
                    "ix": 1
                  },
                  "s": {
                    "a": 0,
                    "k": [
                      100,
                      100
                    ],
                    "ix": 3
                  },
                  "r": {
                    "a": 0,
                    "k": 0,
                    "ix": 6
                  },
                  "o": {
                    "a": 0,
                    "k": 100,
                    "ix": 7
                  },
                  "sk": {
                    "a": 0,
                    "k": 0,
                    "ix": 4
                  },
                  "sa": {
                    "a": 0,
                    "k": 0,
                    "ix": 5
                  },
                  "nm": "Transform"
                }
              ],
              "nm": "Group 1",
              "np": 2,
              "cix": 2,
              "bm": 0,
              "ix": 1,
              "mn": "ADBE Vector Group",
              "hd": false
            }
          ],
          "ip": 24,
          "op": 27,
          "st": 24,
          "bm": 0
        },
        {
          "ddd": 0,
          "ind": 6,
          "ty": 4,
          "nm": "card",
          "sr": 1,
          "ks": {
            "o": {
              "a": 0,
              "k": 100,
              "ix": 11
            },
            "r": {
              "a": 1,
              "k": [
                {
                  "i": {
                    "x": [
                      0.667
                    ],
                    "y": [
                      1
                    ]
                  },
                  "o": {
                    "x": [
                      0.333
                    ],
                    "y": [
                      0
                    ]
                  },
                  "n": [
                    "0p667_1_0p333_0"
                  ],
                  "t": 10,
                  "s": [
                    12
                  ],
                  "e": [
                    12
                  ]
                },
                {
                  "i": {
                    "x": [
                      0.667
                    ],
                    "y": [
                      1
                    ]
                  },
                  "o": {
                    "x": [
                      0.333
                    ],
                    "y": [
                      0
                    ]
                  },
                  "n": [
                    "0p667_1_0p333_0"
                  ],
                  "t": 18,
                  "s": [
                    12
                  ],
                  "e": [
                    0
                  ]
                },
                {
                  "t": 24
                }
              ],
              "ix": 10
            },
            "p": {
              "a": 1,
              "k": [
                {
                  "i": {
                    "x": 0.833,
                    "y": 1
                  },
                  "o": {
                    "x": 0.333,
                    "y": 0
                  },
                  "n": "0p833_1_0p333_0",
                  "t": 10,
                  "s": [
                    -70,
                    106,
                    0
                  ],
                  "e": [
                    70,
                    106,
                    0
                  ],
                  "to": [
                    21.1666774749756,
                    6.83333349227905,
                    0
                  ],
                  "ti": [
                    -69.3383712768555,
                    -22.3848190307617,
                    0
                  ]
                },
                {
                  "i": {
                    "x": 0.667,
                    "y": 1
                  },
                  "o": {
                    "x": 0.333,
                    "y": 0
                  },
                  "n": "0p667_1_0p333_0",
                  "t": 18,
                  "s": [
                    70,
                    106,
                    0
                  ],
                  "e": [
                    126,
                    154,
                    0
                  ],
                  "to": [
                    21.1666774749756,
                    6.83333349227905,
                    0
                  ],
                  "ti": [
                    -18.6666774749756,
                    -1.5,
                    0
                  ]
                },
                {
                  "t": 24
                }
              ],
              "ix": 2
            },
            "a": {
              "a": 0,
              "k": [
                320,
                320,
                0
              ],
              "ix": 1
            },
            "s": {
              "a": 0,
              "k": [
                20,
                20,
                100
              ],
              "ix": 6
            }
          },
          "ao": 0,
          "shapes": [
            {
              "ty": "gr",
              "it": [
                {
                  "ind": 0,
                  "ty": "sh",
                  "ix": 1,
                  "ks": {
                    "a": 0,
                    "k": {
                      "i": [
                        [
                          0,
                          0
                        ],
                        [
                          0,
                          0
                        ],
                        [
                          0,
                          0
                        ],
                        [
                          -0.793,
                          -24.176
                        ],
                        [
                          0,
                          0
                        ],
                        [
                          0,
                          0
                        ],
                        [
                          0,
                          0
                        ],
                        [
                          0,
                          0
                        ],
                        [
                          -19.486,
                          0
                        ],
                        [
                          0,
                          0
                        ],
                        [
                          0,
                          0
                        ],
                        [
                          0,
                          0
                        ],
                        [
                          0,
                          0
                        ]
                      ],
                      "o": [
                        [
                          0,
                          0
                        ],
                        [
                          0,
                          0
                        ],
                        [
                          0,
                          0
                        ],
                        [
                          1.938,
                          59.5
                        ],
                        [
                          0,
                          0
                        ],
                        [
                          0,
                          0
                        ],
                        [
                          0,
                          0
                        ],
                        [
                          0,
                          19.571
                        ],
                        [
                          0,
                          0
                        ],
                        [
                          31.273,
                          0
                        ],
                        [
                          0,
                          0
                        ],
                        [
                          0,
                          0
                        ],
                        [
                          0,
                          -31.274
                        ]
                      ],
                      "v": [
                        [
                          145.723,
                          -124.255
                        ],
                        [
                          30,
                          -124.255
                        ],
                        [
                          -39.048,
                          -124.255
                        ],
                        [
                          -21.428,
                          -80.505
                        ],
                        [
                          -91.904,
                          -28.005
                        ],
                        [
                          -180,
                          -28.005
                        ],
                        [
                          -180,
                          89.978
                        ],
                        [
                          -179.911,
                          89.978
                        ],
                        [
                          -145.634,
                          124.255
                        ],
                        [
                          145.723,
                          124.255
                        ],
                        [
                          180,
                          89.978
                        ],
                        [
                          180,
                          -89.255
                        ],
                        [
                          180,
                          -89.978
                        ]
                      ],
                      "c": true
                    },
                    "ix": 2
                  },
                  "nm": "Path 1",
                  "mn": "ADBE Vector Shape - Group",
                  "hd": false
                },
                {
                  "ty": "fl",
                  "c": {
                    "a": 0,
                    "k": [
                      0.859,
                      0.094,
                      0.094,
                      1
                    ],
                    "ix": 4
                  },
                  "o": {
                    "a": 0,
                    "k": 100,
                    "ix": 5
                  },
                  "r": 1,
                  "bm": 0,
                  "nm": "Fill 1",
                  "mn": "ADBE Vector Graphic - Fill",
                  "hd": false
                },
                {
                  "ty": "tr",
                  "p": {
                    "a": 0,
                    "k": [
                      460,
                      434.255
                    ],
                    "ix": 2
                  },
                  "a": {
                    "a": 0,
                    "k": [
                      0,
                      0
                    ],
                    "ix": 1
                  },
                  "s": {
                    "a": 0,
                    "k": [
                      100,
                      100
                    ],
                    "ix": 3
                  },
                  "r": {
                    "a": 0,
                    "k": 0,
                    "ix": 6
                  },
                  "o": {
                    "a": 0,
                    "k": 100,
                    "ix": 7
                  },
                  "sk": {
                    "a": 0,
                    "k": 0,
                    "ix": 4
                  },
                  "sa": {
                    "a": 0,
                    "k": 0,
                    "ix": 5
                  },
                  "nm": "Transform"
                }
              ],
              "nm": "Group 1",
              "np": 2,
              "cix": 2,
              "bm": 0,
              "ix": 1,
              "mn": "ADBE Vector Group",
              "hd": false
            }
          ],
          "ip": 0,
          "op": 24,
          "st": 0,
          "bm": 0
        }
      ]
    }
  ],
  "layers": [
    {
      "ddd": 0,
      "ind": 1,
      "ty": 0,
      "nm": "Comp 2",
      "refId": "comp_0",
      "sr": 1,
      "ks": {
        "o": {
          "a": 1,
          "k": [
            {
              "i": {
                "x": [
                  0.833
                ],
                "y": [
                  0.833
                ]
              },
              "o": {
                "x": [
                  0.167
                ],
                "y": [
                  0.167
                ]
              },
              "n": [
                "0p833_0p833_0p167_0p167"
              ],
              "t": 105,
              "s": [
                100
              ],
              "e": [
                0
              ]
            },
            {
              "t": 112
            }
          ],
          "ix": 11
        },
        "r": {
          "a": 0,
          "k": 0,
          "ix": 10
        },
        "p": {
          "a": 0,
          "k": [
            64,
            64,
            0
          ],
          "ix": 2
        },
        "a": {
          "a": 0,
          "k": [
            64,
            64,
            0
          ],
          "ix": 1
        },
        "s": {
          "a": 0,
          "k": [
            40,
            40,
            100
          ],
          "ix": 6
        }
      },
      "ao": 0,
      "w": 128,
      "h": 128,
      "ip": 70,
      "op": 120,
      "st": 70,
      "bm": 0
    },
    {
      "ddd": 0,
      "ind": 2,
      "ty": 4,
      "nm": "spinner Outlines",
      "sr": 1,
      "ks": {
        "o": {
          "a": 1,
          "k": [
            {
              "i": {
                "x": [
                  0.833
                ],
                "y": [
                  0.833
                ]
              },
              "o": {
                "x": [
                  0.167
                ],
                "y": [
                  0.167
                ]
              },
              "n": [
                "0p833_0p833_0p167_0p167"
              ],
              "t": 105,
              "s": [
                100
              ],
              "e": [
                0
              ]
            },
            {
              "t": 112
            }
          ],
          "ix": 11
        },
        "r": {
          "a": 0,
          "k": 0,
          "ix": 10
        },
        "p": {
          "a": 0,
          "k": [
            64,
            64,
            0
          ],
          "ix": 2
        },
        "a": {
          "a": 0,
          "k": [
            0,
            0,
            0
          ],
          "ix": 1
        },
        "s": {
          "a": 0,
          "k": [
            66.66,
            66.66,
            100
          ],
          "ix": 6
        }
      },
      "ao": 0,
      "shapes": [
        {
          "ty": "gr",
          "it": [
            {
              "ind": 0,
              "ty": "sh",
              "ix": 1,
              "ks": {
                "a": 0,
                "k": {
                  "i": [
                    [
                      0,
                      19.882
                    ],
                    [
                      19.882,
                      0
                    ],
                    [
                      0,
                      -19.882
                    ],
                    [
                      -19.882,
                      0
                    ]
                  ],
                  "o": [
                    [
                      0,
                      -19.882
                    ],
                    [
                      -19.882,
                      0
                    ],
                    [
                      0,
                      19.882
                    ],
                    [
                      19.882,
                      0
                    ]
                  ],
                  "v": [
                    [
                      36,
                      0
                    ],
                    [
                      0,
                      -36
                    ],
                    [
                      -36,
                      0
                    ],
                    [
                      0,
                      36
                    ]
                  ],
                  "c": true
                },
                "ix": 2
              },
              "nm": "Path 1",
              "mn": "ADBE Vector Shape - Group",
              "hd": false
            },
            {
              "ty": "tm",
              "s": {
                "a": 1,
                "k": [
                  {
                    "i": {
                      "x": [
                        0.771
                      ],
                      "y": [
                        1
                      ]
                    },
                    "o": {
                      "x": [
                        0.162
                      ],
                      "y": [
                        0
                      ]
                    },
                    "n": [
                      "0p771_1_0p162_0"
                    ],
                    "t": 45,
                    "s": [
                      95
                    ],
                    "e": [
                      0
                    ]
                  },
                  {
                    "t": 70
                  }
                ],
                "ix": 1
              },
              "e": {
                "a": 1,
                "k": [
                  {
                    "i": {
                      "x": [
                        0.787
                      ],
                      "y": [
                        17.205
                      ]
                    },
                    "o": {
                      "x": [
                        0.321
                      ],
                      "y": [
                        0
                      ]
                    },
                    "n": [
                      "0p787_17p205_0p321_0"
                    ],
                    "t": 45,
                    "s": [
                      100
                    ],
                    "e": [
                      100
                    ]
                  },
                  {
                    "t": 70
                  }
                ],
                "ix": 2
              },
              "o": {
                "a": 0,
                "k": 0,
                "ix": 3
              },
              "m": 1,
              "ix": 2,
              "nm": "Trim Paths 1",
              "mn": "ADBE Vector Filter - Trim",
              "hd": false
            },
            {
              "ty": "st",
              "c": {
                "a": 0,
                "k": [
                  0.094,
                  0.859,
                  0.471,
                  1
                ],
                "ix": 3
              },
              "o": {
                "a": 0,
                "k": 100,
                "ix": 4
              },
              "w": {
                "a": 0,
                "k": 6,
                "ix": 5
              },
              "lc": 2,
              "lj": 1,
              "ml": 10,
              "ml2": {
                "a": 0,
                "k": 10,
                "ix": 8
              },
              "bm": 0,
              "nm": "Stroke 1",
              "mn": "ADBE Vector Graphic - Stroke",
              "hd": false
            },
            {
              "ty": "tr",
              "p": {
                "a": 0,
                "k": [
                  0,
                  0
                ],
                "ix": 2
              },
              "a": {
                "a": 0,
                "k": [
                  0,
                  0
                ],
                "ix": 1
              },
              "s": {
                "a": 0,
                "k": [
                  100,
                  100
                ],
                "ix": 3
              },
              "r": {
                "a": 1,
                "k": [
                  {
                    "i": {
                      "x": [
                        0.703
                      ],
                      "y": [
                        1
                      ]
                    },
                    "o": {
                      "x": [
                        0.318
                      ],
                      "y": [
                        0.14
                      ]
                    },
                    "n": [
                      "0p703_1_0p318_0p14"
                    ],
                    "t": 45,
                    "s": [
                      -90
                    ],
                    "e": [
                      270
                    ]
                  },
                  {
                    "t": 68
                  }
                ],
                "ix": 6
              },
              "o": {
                "a": 0,
                "k": 100,
                "ix": 7
              },
              "sk": {
                "a": 0,
                "k": 0,
                "ix": 4
              },
              "sa": {
                "a": 0,
                "k": 0,
                "ix": 5
              },
              "nm": "Transform"
            }
          ],
          "nm": "Group 1",
          "np": 3,
          "cix": 2,
          "bm": 0,
          "ix": 1,
          "mn": "ADBE Vector Group",
          "hd": false
        }
      ],
      "ip": 45,
      "op": 120,
      "st": 45,
      "bm": 0
    },
    {
      "ddd": 0,
      "ind": 3,
      "ty": 0,
      "nm": "slide_card_preview",
      "refId": "comp_1",
      "sr": 1,
      "ks": {
        "o": {
          "a": 0,
          "k": 100,
          "ix": 11
        },
        "r": {
          "a": 0,
          "k": 0,
          "ix": 10
        },
        "p": {
          "a": 0,
          "k": [
            183.6,
            70.4,
            0
          ],
          "ix": 2
        },
        "a": {
          "a": 0,
          "k": [
            306,
            96,
            0
          ],
          "ix": 1
        },
        "s": {
          "a": 0,
          "k": [
            60,
            60,
            100
          ],
          "ix": 6
        }
      },
      "ao": 0,
      "w": 612,
      "h": 192,
      "ip": 0,
      "op": 60,
      "st": 0,
      "bm": 0
    }
  ],
  "markers": []
}