{
  "v": "5.1.6",
  "fr": 30,
  "ip": 0,
  "op": 35,
  "w": 304,
  "ōh": 188,
  "nm": "cards",
  "ddd": 0,
  "assets": [],
  "layers": [
    {
      "ddd": 0,
      "ind": 1,
      "ty": 4,
      "nm": "lines Outlines",
      "sr": 1,
      "ks": {
        "o": {
          "a": 0,
          "k": 40,
          "ix": 11
        },
        "r": {
          "a": 0,
          "k": 0,
          "ix": 10
        },
        "p": {
          "a": 0,
          "k": [
            113.5,
            136.022,
            0
          ],
          "ix": 2
        },
        "a": {
          "a": 0,
          "k": [
            850.5,
            315.5,
            0
          ],
          "ix": 1
        },
        "s": {
          "a": 0,
          "k": [
            100,
            100,
            100
          ],
          "ix": 6
        }
      },
      "ao": 0,
      "shapes": [
        {
          "ty": "gr",
          "it": [
            {
              "ind": 0,
              "ty": "sh",
              "ix": 1,
              "ks": {
                "a": 0,
                "k": {
                  "i": [
                    [
                      -0.552,
                      0
                    ],
                    [
                      0,
                      0
                    ],
                    [
                      0,
                      -0.552
                    ],
                    [
                      0,
                      0
                    ],
                    [
                      0.552,
                      0
                    ],
                    [
                      0,
                      0
                    ],
                    [
                      0,
                      0.553
                    ],
                    [
                      0,
                      0
                    ]
                  ],
                  "o": [
                    [
                      0,
                      0
                    ],
                    [
                      0.552,
                      0
                    ],
                    [
                      0,
                      0
                    ],
                    [
                      0,
                      0.553
                    ],
                    [
                      0,
                      0
                    ],
                    [
                      -0.552,
                      0
                    ],
                    [
                      0,
                      0
                    ],
                    [
                      0,
                      -0.552
                    ]
                  ],
                  "v": [
                    [
                      -31.323,
                      -0.898
                    ],
                    [
                      31.324,
                      -0.898
                    ],
                    [
                      32.324,
                      0.102
                    ],
                    [
                      32.324,
                      8.876
                    ],
                    [
                      31.324,
                      9.876
                    ],
                    [
                      -31.323,
                      9.876
                    ],
                    [
                      -32.323,
                      8.876
                    ],
                    [
                      -32.323,
                      0.102
                    ]
                  ],
                  "c": true
                },
                "ix": 2
              },
              "nm": "Path 1",
              "mn": "ADBE Vector Shape - Group",
              "hd": false
            },
            {
              "ind": 1,
              "ty": "sh",
              "ix": 2,
              "ks": {
                "a": 0,
                "k": {
                  "i": [
                    [
                      -0.552,
                      0
                    ],
                    [
                      0,
                      0
                    ],
                    [
                      0,
                      -0.552
                    ],
                    [
                      0,
                      0
                    ],
                    [
                      0.552,
                      0
                    ],
                    [
                      0,
                      0
                    ],
                    [
                      0,
                      0.552
                    ],
                    [
                      0,
                      0
                    ]
                  ],
                  "o": [
                    [
                      0,
                      0
                    ],
                    [
                      0.552,
                      0
                    ],
                    [
                      0,
                      0
                    ],
                    [
                      0,
                      0.552
                    ],
                    [
                      0,
                      0
                    ],
                    [
                      -0.552,
                      0
                    ],
                    [
                      0,
                      0
                    ],
                    [
                      0,
                      -0.552
                    ]
                  ],
                  "v": [
                    [
                      -31.323,
                      -9.877
                    ],
                    [
                      -9.978,
                      -9.877
                    ],
                    [
                      -8.978,
                      -8.877
                    ],
                    [
                      -8.978,
                      -6.387
                    ],
                    [
                      -9.978,
                      -5.387
                    ],
                    [
                      -31.323,
                      -5.387
                    ],
                    [
                      -32.323,
                      -6.387
                    ],
                    [
                      -32.323,
                      -8.877
                    ]
                  ],
                  "c": true
                },
                "ix": 2
              },
              "nm": "Path 2",
              "mn": "ADBE Vector Shape - Group",
              "hd": false
            },
            {
              "ty": "gf",
              "o": {
                "a": 0,
                "k": 100,
                "ix": 10
              },
              "r": 1,
              "g": {
                "p": 3,
                "k": {
                  "a": 0,
                  "k": [
                    0,
                    0.192,
                    0.533,
                    1,
                    0.5,
                    0.282,
                    0.637,
                    1,
                    1,
                    0.373,
                    0.741,
                    1
                  ],
                  "ix": 9
                }
              },
              "s": {
                "a": 0,
                "k": [
                  32.035,
                  -5.237
                ],
                "ix": 5
              },
              "e": {
                "a": 0,
                "k": [
                  -32.758,
                  -2.508
                ],
                "ix": 6
              },
              "t": 1,
              "nm": "Gradient Fill 1",
              "mn": "ADBE Vector Graphic - G-Fill",
              "hd": false
            },
            {
              "ty": "tr",
              "p": {
                "a": 0,
                "k": [
                  850.792,
                  315.762
                ],
                "ix": 2
              },
              "a": {
                "a": 0,
                "k": [
                  0,
                  0
                ],
                "ix": 1
              },
              "s": {
                "a": 0,
                "k": [
                  100,
                  100
                ],
                "ix": 3
              },
              "r": {
                "a": 0,
                "k": 0,
                "ix": 6
              },
              "o": {
                "a": 0,
                "k": 100,
                "ix": 7
              },
              "sk": {
                "a": 0,
                "k": 0,
                "ix": 4
              },
              "sa": {
                "a": 0,
                "k": 0,
                "ix": 5
              },
              "nm": "Transform"
            }
          ],
          "nm": "Group 1",
          "np": 3,
          "cix": 2,
          "ix": 1,
          "mn": "ADBE Vector Group",
          "hd": false
        }
      ],
      "ip": 0,
      "op": 35,
      "st": 0,
      "bm": 0
    },
    {
      "ddd": 0,
      "ind": 2,
      "ty": 4,
      "nm": "dots Outlines",
      "sr": 1,
      "ks": {
        "o": {
          "a": 0,
          "k": 100,
          "ix": 11
        },
        "r": {
          "a": 0,
          "k": 0,
          "ix": 10
        },
        "p": {
          "a": 0,
          "k": [
            129.967,
            109.277,
            0
          ],
          "ix": 2
        },
        "a": {
          "a": 0,
          "k": [
            850.5,
            315.5,
            0
          ],
          "ix": 1
        },
        "s": {
          "a": 0,
          "k": [
            100,
            100,
            100
          ],
          "ix": 6
        }
      },
      "ao": 0,
      "shapes": [
        {
          "ty": "gr",
          "it": [
            {
              "ind": 0,
              "ty": "sh",
              "ix": 1,
              "ks": {
                "a": 0,
                "k": {
                  "i": [
                    [
                      0,
                      -1.303
                    ],
                    [
                      -1.302,
                      0
                    ],
                    [
                      0,
                      1.303
                    ],
                    [
                      1.302,
                      0
                    ]
                  ],
                  "o": [
                    [
                      0,
                      1.303
                    ],
                    [
                      1.302,
                      0
                    ],
                    [
                      0,
                      -1.303
                    ],
                    [
                      -1.302,
                      0
                    ]
                  ],
                  "v": [
                    [
                      43.883,
                      0
                    ],
                    [
                      46.242,
                      2.359
                    ],
                    [
                      48.602,
                      0
                    ],
                    [
                      46.242,
                      -2.359
                    ]
                  ],
                  "c": true
                },
                "ix": 2
              },
              "nm": "Path 1",
              "mn": "ADBE Vector Shape - Group",
              "hd": false
            },
            {
              "ind": 1,
              "ty": "sh",
              "ix": 2,
              "ks": {
                "a": 0,
                "k": {
                  "i": [
                    [
                      0,
                      -1.303
                    ],
                    [
                      -1.302,
                      0
                    ],
                    [
                      0,
                      1.303
                    ],
                    [
                      1.303,
                      0
                    ]
                  ],
                  "o": [
                    [
                      0,
                      1.303
                    ],
                    [
                      1.303,
                      0
                    ],
                    [
                      0,
                      -1.303
                    ],
                    [
                      -1.302,
                      0
                    ]
                  ],
                  "v": [
                    [
                      36.333,
                      0
                    ],
                    [
                      38.693,
                      2.359
                    ],
                    [
                      41.052,
                      0
                    ],
                    [
                      38.693,
                      -2.359
                    ]
                  ],
                  "c": true
                },
                "ix": 2
              },
              "nm": "Path 2",
              "mn": "ADBE Vector Shape - Group",
              "hd": false
            },
            {
              "ind": 2,
              "ty": "sh",
              "ix": 3,
              "ks": {
                "a": 0,
                "k": {
                  "i": [
                    [
                      0,
                      -1.303
                    ],
                    [
                      -1.304,
                      0
                    ],
                    [
                      0,
                      1.303
                    ],
                    [
                      1.302,
                      0
                    ]
                  ],
                  "o": [
                    [
                      0,
                      1.303
                    ],
                    [
                      1.302,
                      0
                    ],
                    [
                      0,
                      -1.303
                    ],
                    [
                      -1.304,
                      0
                    ]
                  ],
                  "v": [
                    [
                      28.784,
                      0
                    ],
                    [
                      31.143,
                      2.359
                    ],
                    [
                      33.503,
                      0
                    ],
                    [
                      31.143,
                      -2.359
                    ]
                  ],
                  "c": true
                },
                "ix": 2
              },
              "nm": "Path 3",
              "mn": "ADBE Vector Shape - Group",
              "hd": false
            },
            {
              "ind": 3,
              "ty": "sh",
              "ix": 4,
              "ks": {
                "a": 0,
                "k": {
                  "i": [
                    [
                      0,
                      -1.303
                    ],
                    [
                      -1.302,
                      0
                    ],
                    [
                      0,
                      1.303
                    ],
                    [
                      1.303,
                      0
                    ]
                  ],
                  "o": [
                    [
                      0,
                      1.303
                    ],
                    [
                      1.303,
                      0
                    ],
                    [
                      0,
                      -1.303
                    ],
                    [
                      -1.302,
                      0
                    ]
                  ],
                  "v": [
                    [
                      21.234,
                      0
                    ],
                    [
                      23.592,
                      2.359
                    ],
                    [
                      25.953,
                      0
                    ],
                    [
                      23.592,
                      -2.359
                    ]
                  ],
                  "c": true
                },
                "ix": 2
              },
              "nm": "Path 4",
              "mn": "ADBE Vector Shape - Group",
              "hd": false
            },
            {
              "ind": 4,
              "ty": "sh",
              "ix": 5,
              "ks": {
                "a": 0,
                "k": {
                  "i": [
                    [
                      0,
                      -1.303
                    ],
                    [
                      -1.303,
                      0
                    ],
                    [
                      0,
                      1.303
                    ],
                    [
                      1.303,
                      0
                    ]
                  ],
                  "o": [
                    [
                      0,
                      1.303
                    ],
                    [
                      1.303,
                      0
                    ],
                    [
                      0,
                      -1.303
                    ],
                    [
                      -1.303,
                      0
                    ]
                  ],
                  "v": [
                    [
                      8.966,
                      0
                    ],
                    [
                      11.325,
                      2.359
                    ],
                    [
                      13.683,
                      0
                    ],
                    [
                      11.325,
                      -2.359
                    ]
                  ],
                  "c": true
                },
                "ix": 2
              },
              "nm": "Path 5",
              "mn": "ADBE Vector Shape - Group",
              "hd": false
            },
            {
              "ind": 5,
              "ty": "sh",
              "ix": 6,
              "ks": {
                "a": 0,
                "k": {
                  "i": [
                    [
                      0,
                      -1.303
                    ],
                    [
                      -1.303,
                      0
                    ],
                    [
                      0,
                      1.303
                    ],
                    [
                      1.303,
                      0
                    ]
                  ],
                  "o": [
                    [
                      0,
                      1.303
                    ],
                    [
                      1.303,
                      0
                    ],
                    [
                      0,
                      -1.303
                    ],
                    [
                      -1.303,
                      0
                    ]
                  ],
                  "v": [
                    [
                      1.415,
                      0
                    ],
                    [
                      3.774,
                      2.359
                    ],
                    [
                      6.133,
                      0
                    ],
                    [
                      3.774,
                      -2.359
                    ]
                  ],
                  "c": true
                },
                "ix": 2
              },
              "nm": "Path 6",
              "mn": "ADBE Vector Shape - Group",
              "hd": false
            },
            {
              "ind": 6,
              "ty": "sh",
              "ix": 7,
              "ks": {
                "a": 0,
                "k": {
                  "i": [
                    [
                      0,
                      -1.303
                    ],
                    [
                      -1.303,
                      0
                    ],
                    [
                      0,
                      1.303
                    ],
                    [
                      1.303,
                      0
                    ]
                  ],
                  "o": [
                    [
                      0,
                      1.303
                    ],
                    [
                      1.303,
                      0
                    ],
                    [
                      0,
                      -1.303
                    ],
                    [
                      -1.303,
                      0
                    ]
                  ],
                  "v": [
                    [
                      -6.135,
                      0
                    ],
                    [
                      -3.776,
                      2.359
                    ],
                    [
                      -1.417,
                      0
                    ],
                    [
                      -3.776,
                      -2.359
                    ]
                  ],
                  "c": true
                },
                "ix": 2
              },
              "nm": "Path 7",
              "mn": "ADBE Vector Shape - Group",
              "hd": false
            },
            {
              "ind": 7,
              "ty": "sh",
              "ix": 8,
              "ks": {
                "a": 0,
                "k": {
                  "i": [
                    [
                      0,
                      -1.303
                    ],
                    [
                      -1.303,
                      0
                    ],
                    [
                      0,
                      1.303
                    ],
                    [
                      1.303,
                      0
                    ]
                  ],
                  "o": [
                    [
                      0,
                      1.303
                    ],
                    [
                      1.303,
                      0
                    ],
                    [
                      0,
                      -1.303
                    ],
                    [
                      -1.303,
                      0
                    ]
                  ],
                  "v": [
                    [
                      -13.685,
                      0
                    ],
                    [
                      -11.326,
                      2.359
                    ],
                    [
                      -8.966,
                      0
                    ],
                    [
                      -11.326,
                      -2.359
                    ]
                  ],
                  "c": true
                },
                "ix": 2
              },
              "nm": "Path 8",
              "mn": "ADBE Vector Shape - Group",
              "hd": false
            },
            {
              "ind": 8,
              "ty": "sh",
              "ix": 9,
              "ks": {
                "a": 0,
                "k": {
                  "i": [
                    [
                      0,
                      -1.303
                    ],
                    [
                      -1.303,
                      0
                    ],
                    [
                      0,
                      1.303
                    ],
                    [
                      1.303,
                      0
                    ]
                  ],
                  "o": [
                    [
                      0,
                      1.303
                    ],
                    [
                      1.303,
                      0
                    ],
                    [
                      0,
                      -1.303
                    ],
                    [
                      -1.303,
                      0
                    ]
                  ],
                  "v": [
                    [
                      -25.953,
                      0
                    ],
                    [
                      -23.594,
                      2.359
                    ],
                    [
                      -21.234,
                      0
                    ],
                    [
                      -23.594,
                      -2.359
                    ]
                  ],
                  "c": true
                },
                "ix": 2
              },
              "nm": "Path 9",
              "mn": "ADBE Vector Shape - Group",
              "hd": false
            },
            {
              "ind": 9,
              "ty": "sh",
              "ix": 10,
              "ks": {
                "a": 0,
                "k": {
                  "i": [
                    [
                      0,
                      -1.303
                    ],
                    [
                      -1.303,
                      0
                    ],
                    [
                      0,
                      1.303
                    ],
                    [
                      1.303,
                      0
                    ]
                  ],
                  "o": [
                    [
                      0,
                      1.303
                    ],
                    [
                      1.303,
                      0
                    ],
                    [
                      0,
                      -1.303
                    ],
                    [
                      -1.303,
                      0
                    ]
                  ],
                  "v": [
                    [
                      -33.503,
                      0
                    ],
                    [
                      -31.143,
                      2.359
                    ],
                    [
                      -28.784,
                      0
                    ],
                    [
                      -31.143,
                      -2.359
                    ]
                  ],
                  "c": true
                },
                "ix": 2
              },
              "nm": "Path 10",
              "mn": "ADBE Vector Shape - Group",
              "hd": false
            },
            {
              "ind": 10,
              "ty": "sh",
              "ix": 11,
              "ks": {
                "a": 0,
                "k": {
                  "i": [
                    [
                      0,
                      -1.303
                    ],
                    [
                      -1.303,
                      0
                    ],
                    [
                      0,
                      1.303
                    ],
                    [
                      1.303,
                      0
                    ]
                  ],
                  "o": [
                    [
                      0,
                      1.303
                    ],
                    [
                      1.303,
                      0
                    ],
                    [
                      0,
                      -1.303
                    ],
                    [
                      -1.303,
                      0
                    ]
                  ],
                  "v": [
                    [
                      -41.052,
                      0
                    ],
                    [
                      -38.693,
                      2.359
                    ],
                    [
                      -36.333,
                      0
                    ],
                    [
                      -38.693,
                      -2.359
                    ]
                  ],
                  "c": true
                },
                "ix": 2
              },
              "nm": "Path 11",
              "mn": "ADBE Vector Shape - Group",
              "hd": false
            },
            {
              "ind": 11,
              "ty": "sh",
              "ix": 12,
              "ks": {
                "a": 0,
                "k": {
                  "i": [
                    [
                      0,
                      -1.303
                    ],
                    [
                      -1.304,
                      0
                    ],
                    [
                      0,
                      1.303
                    ],
                    [
                      1.302,
                      0
                    ]
                  ],
                  "o": [
                    [
                      0,
                      1.303
                    ],
                    [
                      1.302,
                      0
                    ],
                    [
                      0,
                      -1.303
                    ],
                    [
                      -1.304,
                      0
                    ]
                  ],
                  "v": [
                    [
                      -48.602,
                      0
                    ],
                    [
                      -46.242,
                      2.359
                    ],
                    [
                      -43.883,
                      0
                    ],
                    [
                      -46.242,
                      -2.359
                    ]
                  ],
                  "c": true
                },
                "ix": 2
              },
              "nm": "Path 12",
              "mn": "ADBE Vector Shape - Group",
              "hd": false
            },
            {
              "ty": "gf",
              "o": {
                "a": 0,
                "k": 100,
                "ix": 10
              },
              "r": 1,
              "g": {
                "p": 3,
                "k": {
                  "a": 0,
                  "k": [
                    0,
                    0.192,
                    0.533,
                    1,
                    0.5,
                    0.282,
                    0.637,
                    1,
                    1,
                    0.373,
                    0.741,
                    1
                  ],
                  "ix": 9
                }
              },
              "s": {
                "a": 0,
                "k": [
                  39.703,
                  0
                ],
                "ix": 5
              },
              "e": {
                "a": 0,
                "k": [
                  -64.812,
                  -0.678
                ],
                "ix": 6
              },
              "t": 1,
              "nm": "Gradient Fill 1",
              "mn": "ADBE Vector Graphic - G-Fill",
              "hd": false
            },
            {
              "ty": "tr",
              "p": {
                "a": 0,
                "k": [
                  850.969,
                  315.925
                ],
                "ix": 2
              },
              "a": {
                "a": 0,
                "k": [
                  0,
                  0
                ],
                "ix": 1
              },
              "s": {
                "a": 0,
                "k": [
                  100,
                  100
                ],
                "ix": 3
              },
              "r": {
                "a": 0,
                "k": 0,
                "ix": 6
              },
              "o": {
                "a": 0,
                "k": 100,
                "ix": 7
              },
              "sk": {
                "a": 0,
                "k": 0,
                "ix": 4
              },
              "sa": {
                "a": 0,
                "k": 0,
                "ix": 5
              },
              "nm": "Transform"
            }
          ],
          "nm": "Group 1",
          "np": 13,
          "cix": 2,
          "ix": 1,
          "mn": "ADBE Vector Group",
          "hd": false
        }
      ],
      "ip": 0,
      "op": 35,
      "st": 0,
      "bm": 0
    },
    {
      "ddd": 0,
      "ind": 3,
      "ty": 4,
      "nm": "visa",
      "sr": 1,
      "ks": {
        "o": {
          "a": 0,
          "k": 100,
          "ix": 11
        },
        "r": {
          "a": 0,
          "k": 0,
          "ix": 10
        },
        "p": {
          "a": 0,
          "k": [
            157,
            94,
            0
          ],
          "ix": 2
        },
        "a": {
          "a": 0,
          "k": [
            89.5,
            66,
            0
          ],
          "ix": 1
        },
        "s": {
          "a": 0,
          "k": [
            100,
            100,
            100
          ],
          "ix": 6
        }
      },
      "ao": 0,
      "shapes": [
        {
          "ty": "gr",
          "it": [
            {
              "ind": 0,
              "ty": "sh",
              "ix": 1,
              "ks": {
                "a": 0,
                "k": {
                  "i": [
                    [
                      -0.029,
                      1.326
                    ],
                    [
                      -0.86,
                      0.109
                    ],
                    [
                      -1.331,
                      -0.6
                    ],
                    [
                      0,
                      0
                    ],
                    [
                      1.147,
                      0
                    ],
                    [
                      0.017,
                      -2.188
                    ],
                    [
                      -1.128,
                      -0.539
                    ],
                    [
                      0.005,
                      -0.493
                    ],
                    [
                      0.856,
                      -0.013
                    ],
                    [
                      0.692,
                      0.315
                    ],
                    [
                      0,
                      0
                    ],
                    [
                      -1.33,
                      -0.013
                    ],
                    [
                      -0.01,
                      2.338
                    ]
                  ],
                  "o": [
                    [
                      0.01,
                      -0.403
                    ],
                    [
                      0.425,
                      -0.055
                    ],
                    [
                      0,
                      0
                    ],
                    [
                      -0.716,
                      -0.254
                    ],
                    [
                      -2.94,
                      0
                    ],
                    [
                      -0.019,
                      1.62
                    ],
                    [
                      1.158,
                      0.551
                    ],
                    [
                      -0.009,
                      0.754
                    ],
                    [
                      -1.496,
                      0.023
                    ],
                    [
                      0,
                      0
                    ],
                    [
                      0.694,
                      0.312
                    ],
                    [
                      3.125,
                      0
                    ],
                    [
                      0.013,
                      -2.967
                    ]
                  ],
                  "v": [
                    [
                      -0.199,
                      -2.492
                    ],
                    [
                      1.063,
                      -3.432
                    ],
                    [
                      3.995,
                      -2.93
                    ],
                    [
                      4.518,
                      -5.314
                    ],
                    [
                      1.735,
                      -5.812
                    ],
                    [
                      -3.291,
                      -2.096
                    ],
                    [
                      -0.686,
                      0.965
                    ],
                    [
                      0.856,
                      2.362
                    ],
                    [
                      -0.924,
                      3.462
                    ],
                    [
                      -3.98,
                      2.752
                    ],
                    [
                      -4.518,
                      5.215
                    ],
                    [
                      -1.21,
                      5.812
                    ],
                    [
                      3.969,
                      1.965
                    ]
                  ],
                  "c": true
                },
                "ix": 2
              },
              "nm": "Path 1",
              "mn": "ADBE Vector Shape - Group",
              "hd": false
            },
            {
              "ty": "fl",
              "c": {
                "a": 0,
                "k": [
                  0.773000021542,
                  0.898000021542,
                  1,
                  1
                ],
                "ix": 4
              },
              "o": {
                "a": 0,
                "k": 100,
                "ix": 5
              },
              "r": 1,
              "nm": "Fill 1",
              "mn": "ADBE Vector Graphic - Fill",
              "hd": false
            },
            {
              "ty": "tr",
              "p": {
                "a": 0,
                "k": [
                  32.205,
                  59.952
                ],
                "ix": 2
              },
              "a": {
                "a": 0,
                "k": [
                  0,
                  0
                ],
                "ix": 1
              },
              "s": {
                "a": 0,
                "k": [
                  100,
                  100
                ],
                "ix": 3
              },
              "r": {
                "a": 0,
                "k": 0,
                "ix": 6
              },
              "o": {
                "a": 0,
                "k": 100,
                "ix": 7
              },
              "sk": {
                "a": 0,
                "k": 0,
                "ix": 4
              },
              "sa": {
                "a": 0,
                "k": 0,
                "ix": 5
              },
              "nm": "Transform"
            }
          ],
          "nm": "s",
          "np": 2,
          "cix": 2,
          "ix": 1,
          "mn": "ADBE Vector Group",
          "hd": false
        },
        {
          "ty": "gr",
          "it": [
            {
              "ind": 0,
              "ty": "sh",
              "ix": 1,
              "ks": {
                "a": 0,
                "k": {
                  "i": [
                    [
                      0,
                      0
                    ],
                    [
                      0,
                      0
                    ],
                    [
                      0,
                      0
                    ]
                  ],
                  "o": [
                    [
                      0,
                      0
                    ],
                    [
                      0,
                      0
                    ],
                    [
                      0,
                      0
                    ]
                  ],
                  "v": [
                    [
                      -0.735,
                      1.637
                    ],
                    [
                      0.831,
                      -2.585
                    ],
                    [
                      1.732,
                      1.637
                    ]
                  ],
                  "c": true
                },
                "ix": 2
              },
              "nm": "Path 1",
              "mn": "ADBE Vector Shape - Group",
              "hd": false
            },
            {
              "ind": 1,
              "ty": "sh",
              "ix": 2,
              "ks": {
                "a": 0,
                "k": {
                  "i": [
                    [
                      0,
                      0
                    ],
                    [
                      0,
                      0
                    ],
                    [
                      0.213,
                      -0.5
                    ],
                    [
                      0,
                      0
                    ],
                    [
                      0,
                      0
                    ],
                    [
                      0,
                      0
                    ],
                    [
                      0,
                      0
                    ],
                    [
                      0,
                      0
                    ],
                    [
                      0,
                      0
                    ]
                  ],
                  "o": [
                    [
                      0,
                      0
                    ],
                    [
                      -0.571,
                      0
                    ],
                    [
                      0,
                      0
                    ],
                    [
                      0,
                      0
                    ],
                    [
                      0,
                      0
                    ],
                    [
                      0,
                      0
                    ],
                    [
                      0,
                      0
                    ],
                    [
                      0,
                      0
                    ],
                    [
                      0,
                      0
                    ]
                  ],
                  "v": [
                    [
                      2.934,
                      -5.622
                    ],
                    [
                      0.395,
                      -5.622
                    ],
                    [
                      -0.871,
                      -4.798
                    ],
                    [
                      -5.335,
                      5.622
                    ],
                    [
                      -2.212,
                      5.622
                    ],
                    [
                      -1.591,
                      3.941
                    ],
                    [
                      2.224,
                      3.941
                    ],
                    [
                      2.584,
                      5.622
                    ],
                    [
                      5.335,
                      5.622
                    ]
                  ],
                  "c": true
                },
                "ix": 2
              },
              "nm": "Path 2",
              "mn": "ADBE Vector Shape - Group",
              "hd": false
            },
            {
              "ty": "fl",
              "c": {
                "a": 0,
                "k": [
                  0.773000021542,
                  0.898000021542,
                  1,
                  1
                ],
                "ix": 4
              },
              "o": {
                "a": 0,
                "k": 100,
                "ix": 5
              },
              "r": 1,
              "nm": "Fill 1",
              "mn": "ADBE Vector Graphic - Fill",
              "hd": false
            },
            {
              "ty": "tr",
              "p": {
                "a": 0,
                "k": [
                  41.354,
                  59.967
                ],
                "ix": 2
              },
              "a": {
                "a": 0,
                "k": [
                  0,
                  0
                ],
                "ix": 1
              },
              "s": {
                "a": 0,
                "k": [
                  100,
                  100
                ],
                "ix": 3
              },
              "r": {
                "a": 0,
                "k": 0,
                "ix": 6
              },
              "o": {
                "a": 0,
                "k": 100,
                "ix": 7
              },
              "sk": {
                "a": 0,
                "k": 0,
                "ix": 4
              },
              "sa": {
                "a": 0,
                "k": 0,
                "ix": 5
              },
              "nm": "Transform"
            }
          ],
          "nm": "a",
          "np": 3,
          "cix": 2,
          "ix": 2,
          "mn": "ADBE Vector Group",
          "hd": false
        },
        {
          "ty": "gr",
          "it": [
            {
              "ind": 0,
              "ty": "sh",
              "ix": 1,
              "ks": {
                "a": 0,
                "k": {
                  "i": [
                    [
                      0,
                      0
                    ],
                    [
                      0,
                      0
                    ],
                    [
                      0,
                      0
                    ],
                    [
                      0,
                      0
                    ]
                  ],
                  "o": [
                    [
                      0,
                      0
                    ],
                    [
                      0,
                      0
                    ],
                    [
                      0,
                      0
                    ],
                    [
                      0,
                      0
                    ]
                  ],
                  "v": [
                    [
                      -0.257,
                      -5.622
                    ],
                    [
                      -2.717,
                      5.622
                    ],
                    [
                      0.257,
                      5.622
                    ],
                    [
                      2.717,
                      -5.622
                    ]
                  ],
                  "c": true
                },
                "ix": 2
              },
              "nm": "Path 1",
              "mn": "ADBE Vector Shape - Group",
              "hd": false
            },
            {
              "ty": "fl",
              "c": {
                "a": 0,
                "k": [
                  0.773000021542,
                  0.898000021542,
                  1,
                  1
                ],
                "ix": 4
              },
              "o": {
                "a": 0,
                "k": 100,
                "ix": 5
              },
              "r": 1,
              "nm": "Fill 1",
              "mn": "ADBE Vector Graphic - Fill",
              "hd": false
            },
            {
              "ty": "tr",
              "p": {
                "a": 0,
                "k": [
                  25.387,
                  59.967
                ],
                "ix": 2
              },
              "a": {
                "a": 0,
                "k": [
                  0,
                  0
                ],
                "ix": 1
              },
              "s": {
                "a": 0,
                "k": [
                  100,
                  100
                ],
                "ix": 3
              },
              "r": {
                "a": 0,
                "k": 0,
                "ix": 6
              },
              "o": {
                "a": 0,
                "k": 100,
                "ix": 7
              },
              "sk": {
                "a": 0,
                "k": 0,
                "ix": 4
              },
              "sa": {
                "a": 0,
                "k": 0,
                "ix": 5
              },
              "nm": "Transform"
            }
          ],
          "nm": "i",
          "np": 2,
          "cix": 2,
          "ix": 3,
          "mn": "ADBE Vector Group",
          "hd": false
        },
        {
          "ty": "gr",
          "it": [
            {
              "ind": 0,
              "ty": "sh",
              "ix": 1,
              "ks": {
                "a": 0,
                "k": {
                  "i": [
                    [
                      0,
                      0
                    ],
                    [
                      0,
                      0
                    ],
                    [
                      0,
                      0
                    ],
                    [
                      0.645,
                      0
                    ],
                    [
                      0,
                      0
                    ],
                    [
                      0,
                      0
                    ],
                    [
                      -0.715,
                      -0.38
                    ],
                    [
                      -0.144,
                      -0.553
                    ],
                    [
                      0,
                      0
                    ],
                    [
                      0,
                      0
                    ],
                    [
                      0,
                      0
                    ]
                  ],
                  "o": [
                    [
                      0,
                      0
                    ],
                    [
                      0,
                      0
                    ],
                    [
                      -0.146,
                      -0.727
                    ],
                    [
                      0,
                      0
                    ],
                    [
                      0,
                      0
                    ],
                    [
                      1.04,
                      0.221
                    ],
                    [
                      0.438,
                      0.232
                    ],
                    [
                      0,
                      0
                    ],
                    [
                      0,
                      0
                    ],
                    [
                      0,
                      0
                    ],
                    [
                      0,
                      0
                    ]
                  ],
                  "v": [
                    [
                      3.864,
                      -5.622
                    ],
                    [
                      0.768,
                      2.03
                    ],
                    [
                      -0.485,
                      -4.476
                    ],
                    [
                      -1.857,
                      -5.622
                    ],
                    [
                      -6.918,
                      -5.622
                    ],
                    [
                      -6.989,
                      -5.296
                    ],
                    [
                      -4.054,
                      -4.339
                    ],
                    [
                      -3.347,
                      -3.351
                    ],
                    [
                      -0.975,
                      5.622
                    ],
                    [
                      2.169,
                      5.622
                    ],
                    [
                      6.989,
                      -5.622
                    ]
                  ],
                  "c": true
                },
                "ix": 2
              },
              "nm": "Path 1",
              "mn": "ADBE Vector Shape - Group",
              "hd": false
            },
            {
              "ty": "fl",
              "c": {
                "a": 0,
                "k": [
                  0.773000021542,
                  0.898000021542,
                  1,
                  1
                ],
                "ix": 4
              },
              "o": {
                "a": 0,
                "k": 100,
                "ix": 5
              },
              "r": 1,
              "nm": "Fill 1",
              "mn": "ADBE Vector Graphic - Fill",
              "hd": false
            },
            {
              "ty": "tr",
              "p": {
                "a": 0,
                "k": [
                  16.865,
                  59.967
                ],
                "ix": 2
              },
              "a": {
                "a": 0,
                "k": [
                  0,
                  0
                ],
                "ix": 1
              },
              "s": {
                "a": 0,
                "k": [
                  100,
                  100
                ],
                "ix": 3
              },
              "r": {
                "a": 0,
                "k": 0,
                "ix": 6
              },
              "o": {
                "a": 0,
                "k": 100,
                "ix": 7
              },
              "sk": {
                "a": 0,
                "k": 0,
                "ix": 4
              },
              "sa": {
                "a": 0,
                "k": 0,
                "ix": 5
              },
              "nm": "Transform"
            }
          ],
          "nm": "v",
          "np": 2,
          "cix": 2,
          "ix": 4,
          "mn": "ADBE Vector Group",
          "hd": false
        },
        {
          "ty": "gr",
          "it": [
            {
              "ind": 0,
              "ty": "sh",
              "ix": 1,
              "ks": {
                "a": 0,
                "k": {
                  "i": [
                    [
                      0,
                      0
                    ],
                    [
                      0,
                      -3.314
                    ],
                    [
                      0,
                      0
                    ],
                    [
                      -3.314,
                      0
                    ],
                    [
                      0,
                      0
                    ],
                    [
                      0,
                      3.314
                    ],
                    [
                      0,
                      0
                    ],
                    [
                      3.313,
                      0
                    ]
                  ],
                  "o": [
                    [
                      -3.314,
                      0
                    ],
                    [
                      0,
                      0
                    ],
                    [
                      0,
                      3.314
                    ],
                    [
                      0,
                      0
                    ],
                    [
                      3.313,
                      0
                    ],
                    [
                      0,
                      0
                    ],
                    [
                      0,
                      -3.314
                    ],
                    [
                      0,
                      0
                    ]
                  ],
                  "v": [
                    [
                      -137.66,
                      -131.357
                    ],
                    [
                      -143.66,
                      -125.357
                    ],
                    [
                      -143.66,
                      -47.57
                    ],
                    [
                      -137.66,
                      -41.569
                    ],
                    [
                      -6,
                      -41.569
                    ],
                    [
                      0,
                      -47.57
                    ],
                    [
                      0,
                      -125.357
                    ],
                    [
                      -6,
                      -131.357
                    ]
                  ],
                  "c": true
                },
                "ix": 2
              },
              "nm": "Path 2",
              "mn": "ADBE Vector Shape - Group",
              "hd": false
            },
            {
              "ty": "gf",
              "o": {
                "a": 0,
                "k": 100,
                "ix": 10
              },
              "r": 1,
              "g": {
                "p": 3,
                "k": {
                  "a": 0,
                  "k": [
                    0,
                    0.055,
                    0.424,
                    0.933,
                    0.5,
                    0.124,
                    0.478,
                    0.967,
                    1,
                    0.192,
                    0.533,
                    1
                  ],
                  "ix": 9
                }
              },
              "s": {
                "a": 0,
                "k": [
                  0.486,
                  -42.08
                ],
                "ix": 5
              },
              "e": {
                "a": 0,
                "k": [
                  -144.17,
                  -110.92
                ],
                "ix": 6
              },
              "t": 1,
              "nm": "Gradient Fill 1",
              "mn": "ADBE Vector Graphic - G-Fill",
              "hd": false
            },
            {
              "ty": "tr",
              "p": {
                "a": 0,
                "k": [
                  144.165,
                  173.341
                ],
                "ix": 2
              },
              "a": {
                "a": 0,
                "k": [
                  0,
                  0
                ],
                "ix": 1
              },
              "s": {
                "a": 0,
                "k": [
                  100,
                  100
                ],
                "ix": 3
              },
              "r": {
                "a": 0,
                "k": 0,
                "ix": 6
              },
              "o": {
                "a": 0,
                "k": 100,
                "ix": 7
              },
              "sk": {
                "a": 0,
                "k": 0,
                "ix": 4
              },
              "sa": {
                "a": 0,
                "k": 0,
                "ix": 5
              },
              "nm": "Transform"
            }
          ],
          "nm": "visabg",
          "np": 2,
          "cix": 2,
          "ix": 5,
          "mn": "ADBE Vector Group",
          "hd": false
        }
      ],
      "ip": 0,
      "op": 35,
      "st": 0,
      "bm": 0
    },
    {
      "ddd": 0,
      "ind": 4,
      "ty": 4,
      "nm": "master",
      "sr": 1,
      "ks": {
        "o": {
          "a": 0,
          "k": 100,
          "ix": 11
        },
        "r": {
          "a": 1,
          "k": [
            {
              "i": {
                "x": [
                  0.01
                ],
                "y": [
                  0.99
                ]
              },
              "o": {
                "x": [
                  0.291
                ],
                "y": [
                  -0.004
                ]
              },
              "n": [
                "0p01_0p99_0p291_-0p004"
              ],
              "t": 0,
              "s": [
                -11
              ],
              "e": [
                0
              ]
            },
            {
              "t": 34
            }
          ],
          "ix": 10
        },
        "p": {
          "a": 0,
          "k": [
            297.5,
            158.5,
            0
          ],
          "ix": 2
        },
        "a": {
          "a": 0,
          "k": [
            230,
            130.5,
            0
          ],
          "ix": 1
        },
        "s": {
          "a": 0,
          "k": [
            100,
            100,
            100
          ],
          "ix": 6
        }
      },
      "ao": 0,
      "shapes": [
        {
          "ty": "gr",
          "it": [
            {
              "ind": 0,
              "ty": "sh",
              "ix": 1,
              "ks": {
                "a": 0,
                "k": {
                  "i": [
                    [
                      5.097,
                      1.177
                    ],
                    [
                      1.859,
                      -0.897
                    ],
                    [
                      -0.013,
                      -0.017
                    ],
                    [
                      0.688,
                      -2.981
                    ],
                    [
                      2.543,
                      -1.229
                    ],
                    [
                      -0.014,
                      -0.019
                    ],
                    [
                      -2.127,
                      -0.491
                    ],
                    [
                      -1.2,
                      5.2
                    ]
                  ],
                  "o": [
                    [
                      -2.153,
                      -0.497
                    ],
                    [
                      0.014,
                      0.017
                    ],
                    [
                      1.72,
                      2.214
                    ],
                    [
                      -0.693,
                      3.002
                    ],
                    [
                      0.015,
                      0.018
                    ],
                    [
                      1.275,
                      1.594
                    ],
                    [
                      5.097,
                      1.177
                    ],
                    [
                      1.201,
                      -5.198
                    ]
                  ],
                  "v": [
                    [
                      0.665,
                      -9.754
                    ],
                    [
                      -5.503,
                      -9.057
                    ],
                    [
                      -5.465,
                      -9.006
                    ],
                    [
                      -3.687,
                      -0.842
                    ],
                    [
                      -8.919,
                      5.745
                    ],
                    [
                      -8.874,
                      5.799
                    ],
                    [
                      -3.682,
                      9.074
                    ],
                    [
                      7.719,
                      1.79
                    ]
                  ],
                  "c": true
                },
                "ix": 2
              },
              "nm": "Path 1",
              "mn": "ADBE Vector Shape - Group",
              "hd": false
            },
            {
              "ty": "fl",
              "c": {
                "a": 0,
                "k": [
                  1,
                  0.722000002394,
                  0.356999984442,
                  1
                ],
                "ix": 4
              },
              "o": {
                "a": 0,
                "k": 100,
                "ix": 5
              },
              "r": 1,
              "nm": "Fill 1",
              "mn": "ADBE Vector Graphic - Fill",
              "hd": false
            },
            {
              "ty": "tr",
              "p": {
                "a": 0,
                "k": [
                  73.11,
                  25.659
                ],
                "ix": 2
              },
              "a": {
                "a": 0,
                "k": [
                  0,
                  0
                ],
                "ix": 1
              },
              "s": {
                "a": 0,
                "k": [
                  100,
                  100
                ],
                "ix": 3
              },
              "r": {
                "a": 0,
                "k": 0,
                "ix": 6
              },
              "o": {
                "a": 0,
                "k": 100,
                "ix": 7
              },
              "sk": {
                "a": 0,
                "k": 0,
                "ix": 4
              },
              "sa": {
                "a": 0,
                "k": 0,
                "ix": 5
              },
              "nm": "Transform"
            }
          ],
          "nm": "master_yellow",
          "np": 2,
          "cix": 2,
          "ix": 1,
          "mn": "ADBE Vector Group",
          "hd": false
        },
        {
          "ty": "gr",
          "it": [
            {
              "ind": 0,
              "ty": "sh",
              "ix": 1,
              "ks": {
                "a": 0,
                "k": {
                  "i": [
                    [
                      2.153,
                      0.497
                    ],
                    [
                      1.2,
                      -5.199
                    ],
                    [
                      -5.096,
                      -1.177
                    ],
                    [
                      -1.846,
                      0.874
                    ],
                    [
                      -0.022,
                      0.01
                    ],
                    [
                      -0.692,
                      3.002
                    ],
                    [
                      -2.518,
                      1.236
                    ],
                    [
                      -0.019,
                      0.009
                    ]
                  ],
                  "o": [
                    [
                      -5.097,
                      -1.176
                    ],
                    [
                      -1.201,
                      5.199
                    ],
                    [
                      2.128,
                      0.491
                    ],
                    [
                      0.022,
                      -0.01
                    ],
                    [
                      -1.749,
                      -2.22
                    ],
                    [
                      0.688,
                      -2.98
                    ],
                    [
                      0.019,
                      -0.009
                    ],
                    [
                      -1.279,
                      -1.621
                    ]
                  ],
                  "v": [
                    [
                      3.682,
                      -9.071
                    ],
                    [
                      -7.719,
                      -1.787
                    ],
                    [
                      -0.665,
                      9.756
                    ],
                    [
                      5.438,
                      9.089
                    ],
                    [
                      5.503,
                      9.061
                    ],
                    [
                      3.686,
                      0.846
                    ],
                    [
                      8.865,
                      -5.711
                    ],
                    [
                      8.921,
                      -5.742
                    ]
                  ],
                  "c": true
                },
                "ix": 2
              },
              "nm": "Path 1",
              "mn": "ADBE Vector Shape - Group",
              "hd": false
            },
            {
              "ty": "fl",
              "c": {
                "a": 0,
                "k": [
                  1,
                  0.118000000598,
                  0.211999990426,
                  1
                ],
                "ix": 4
              },
              "o": {
                "a": 0,
                "k": 100,
                "ix": 5
              },
              "r": 1,
              "nm": "Fill 1",
              "mn": "ADBE Vector Graphic - Fill",
              "hd": false
            },
            {
              "ty": "tr",
              "p": {
                "a": 0,
                "k": [
                  58.579,
                  22.318
                ],
                "ix": 2
              },
              "a": {
                "a": 0,
                "k": [
                  0,
                  0
                ],
                "ix": 1
              },
              "s": {
                "a": 0,
                "k": [
                  100,
                  100
                ],
                "ix": 3
              },
              "r": {
                "a": 0,
                "k": 0,
                "ix": 6
              },
              "o": {
                "a": 0,
                "k": 100,
                "ix": 7
              },
              "sk": {
                "a": 0,
                "k": 0,
                "ix": 4
              },
              "sa": {
                "a": 0,
                "k": 0,
                "ix": 5
              },
              "nm": "Transform"
            }
          ],
          "nm": "master_red",
          "np": 2,
          "cix": 2,
          "ix": 2,
          "mn": "ADBE Vector Group",
          "hd": false
        },
        {
          "ty": "gr",
          "it": [
            {
              "ind": 0,
              "ty": "sh",
              "ix": 1,
              "ks": {
                "a": 0,
                "k": {
                  "i": [
                    [
                      -0.693,
                      3.002
                    ],
                    [
                      1.72,
                      2.215
                    ],
                    [
                      0,
                      0
                    ],
                    [
                      0.688,
                      -2.98
                    ],
                    [
                      -1.748,
                      -2.22
                    ],
                    [
                      0.022,
                      -0.01
                    ],
                    [
                      0,
                      0
                    ],
                    [
                      0.015,
                      0.018
                    ]
                  ],
                  "o": [
                    [
                      0.688,
                      -2.981
                    ],
                    [
                      0,
                      0
                    ],
                    [
                      -2.518,
                      1.235
                    ],
                    [
                      -0.693,
                      3.002
                    ],
                    [
                      -0.021,
                      0.01
                    ],
                    [
                      0,
                      0
                    ],
                    [
                      -0.014,
                      -0.018
                    ],
                    [
                      2.544,
                      -1.229
                    ]
                  ],
                  "v": [
                    [
                      3.582,
                      0.784
                    ],
                    [
                      1.803,
                      -7.38
                    ],
                    [
                      1.603,
                      -7.425
                    ],
                    [
                      -3.576,
                      -0.869
                    ],
                    [
                      -1.76,
                      7.346
                    ],
                    [
                      -1.826,
                      7.374
                    ],
                    [
                      -1.605,
                      7.425
                    ],
                    [
                      -1.652,
                      7.371
                    ]
                  ],
                  "c": true
                },
                "ix": 2
              },
              "nm": "Path 1",
              "mn": "ADBE Vector Shape - Group",
              "hd": false
            },
            {
              "ty": "fl",
              "c": {
                "a": 0,
                "k": [
                  1,
                  0.416000007181,
                  0.270999983245,
                  1
                ],
                "ix": 4
              },
              "o": {
                "a": 0,
                "k": 100,
                "ix": 5
              },
              "r": 1,
              "nm": "Fill 1",
              "mn": "ADBE Vector Graphic - Fill",
              "hd": false
            },
            {
              "ty": "tr",
              "p": {
                "a": 0,
                "k": [
                  65.842,
                  24.033
                ],
                "ix": 2
              },
              "a": {
                "a": 0,
                "k": [
                  0,
                  0
                ],
                "ix": 1
              },
              "s": {
                "a": 0,
                "k": [
                  100,
                  100
                ],
                "ix": 3
              },
              "r": {
                "a": 0,
                "k": 0,
                "ix": 6
              },
              "o": {
                "a": 0,
                "k": 100,
                "ix": 7
              },
              "sk": {
                "a": 0,
                "k": 0,
                "ix": 4
              },
              "sa": {
                "a": 0,
                "k": 0,
                "ix": 5
              },
              "nm": "Transform"
            }
          ],
          "nm": "master_orange",
          "np": 2,
          "cix": 2,
          "ix": 3,
          "mn": "ADBE Vector Group",
          "hd": false
        },
        {
          "ty": "gr",
          "it": [
            {
              "ind": 0,
              "ty": "sh",
              "ix": 1,
              "ks": {
                "a": 0,
                "k": {
                  "i": [
                    [
                      0.65,
                      -3.344
                    ],
                    [
                      0,
                      0
                    ],
                    [
                      -3.795,
                      -0.738
                    ],
                    [
                      0,
                      0
                    ],
                    [
                      -0.737,
                      3.794
                    ],
                    [
                      0,
                      0
                    ],
                    [
                      3.794,
                      0.737
                    ],
                    [
                      0,
                      0
                    ],
                    [
                      0.443,
                      0
                    ]
                  ],
                  "o": [
                    [
                      0,
                      0
                    ],
                    [
                      -0.738,
                      3.794
                    ],
                    [
                      0,
                      0
                    ],
                    [
                      3.795,
                      0.738
                    ],
                    [
                      0,
                      0
                    ],
                    [
                      0.737,
                      -3.796
                    ],
                    [
                      0,
                      0
                    ],
                    [
                      -0.451,
                      -0.087
                    ],
                    [
                      -3.285,
                      0.001
                    ]
                  ],
                  "v": [
                    [
                      -163.998,
                      -106.052
                    ],
                    [
                      -178.221,
                      -32.881
                    ],
                    [
                      -172.685,
                      -24.674
                    ],
                    [
                      -50.843,
                      -0.99
                    ],
                    [
                      -42.636,
                      -6.525
                    ],
                    [
                      -28.412,
                      -79.696
                    ],
                    [
                      -33.948,
                      -87.903
                    ],
                    [
                      -155.79,
                      -111.588
                    ],
                    [
                      -157.133,
                      -111.718
                    ]
                  ],
                  "c": true
                },
                "ix": 2
              },
              "nm": "Path 2",
              "mn": "ADBE Vector Shape - Group",
              "hd": false
            },
            {
              "ty": "gf",
              "o": {
                "a": 0,
                "k": 100,
                "ix": 10
              },
              "r": 1,
              "g": {
                "p": 3,
                "k": {
                  "a": 0,
                  "k": [
                    0,
                    0.851,
                    0.894,
                    0.949,
                    0.5,
                    0.888,
                    0.922,
                    0.965,
                    1,
                    0.925,
                    0.949,
                    0.98
                  ],
                  "ix": 9
                }
              },
              "s": {
                "a": 0,
                "k": [
                  -39.168,
                  -24.24
                ],
                "ix": 5
              },
              "e": {
                "a": 0,
                "k": [
                  -166.056,
                  -94.796
                ],
                "ix": 6
              },
              "t": 1,
              "nm": "Gradient Fill 1",
              "mn": "ADBE Vector Graphic - G-Fill",
              "hd": false
            },
            {
              "ty": "tr",
              "p": {
                "a": 0,
                "k": [
                  207.487,
                  111.876
                ],
                "ix": 2
              },
              "a": {
                "a": 0,
                "k": [
                  0,
                  0
                ],
                "ix": 1
              },
              "s": {
                "a": 0,
                "k": [
                  100,
                  100
                ],
                "ix": 3
              },
              "r": {
                "a": 0,
                "k": 0,
                "ix": 6
              },
              "o": {
                "a": 0,
                "k": 100,
                "ix": 7
              },
              "sk": {
                "a": 0,
                "k": 0,
                "ix": 4
              },
              "sa": {
                "a": 0,
                "k": 0,
                "ix": 5
              },
              "nm": "Transform"
            }
          ],
          "nm": "masterbg",
          "np": 2,
          "cix": 2,
          "ix": 4,
          "mn": "ADBE Vector Group",
          "hd": false
        }
      ],
      "ip": 0,
      "op": 35,
      "st": 0,
      "bm": 0
    }
  ],
  "markers": []
}