{
  "v": "5.1.3",
  "fr": 60,
  "ip": 0,
  "op": 90,
  "w": 150,
  "h": 150,
  "nm": "Dots",
  "ddd": 0,
  "assets": [],
  "layers": [
    {
      "ddd": 0,
      "ind": 1,
      "ty": 4,
      "nm": "Dot 3",
      "sr": 1,
      "ks": {
        "o": {
          "a": 0,
          "k": 100,
          "ix": 11
        },
        "r": {
          "a": 0,
          "k": 0,
          "ix": 10
        },
        "p": {
          "a": 1,
          "k": [
            {
              "i": {
                "x": 0.6,
                "y": 1
              },
              "o": {
                "x": 0.4,
                "y": 0
              },
              "n": "0p6_1_0p4_0",
              "t": 20,
              "s": [
                30,
                85,
                0
              ],
              "e": [
                30,
                65,
                0
              ],
              "to": [
                0,
                -3.33333325386047,
                0
              ],
              "ti": [
                0,
                0,
                0
              ]
            },
            {
              "i": {
                "x": 0.833,
                "y": 1
              },
              "o": {
                "x": 0.4,
                "y": 0
              },
              "n": "0p833_1_0p4_0",
              "t": 35,
              "s": [
                30,
                65,
                0
              ],
              "e": [
                30,
                85,
                0
              ],
              "to": [
                0,
                0,
                0
              ],
              "ti": [
                0,
                0,
                0
              ]
            },
            {
              "i": {
                "x": 0.6,
                "y": 1
              },
              "o": {
                "x": 0.4,
                "y": 0
              },
              "n": "0p6_1_0p4_0",
              "t": 50,
              "s": [
                30,
                85,
                0
              ],
              "e": [
                30,
                65,
                0
              ],
              "to": [
                0,
                0,
                0
              ],
              "ti": [
                0,
                0,
                0
              ]
            },
            {
              "i": {
                "x": 0.833,
                "y": 1
              },
              "o": {
                "x": 0.4,
                "y": 0
              },
              "n": "0p833_1_0p4_0",
              "t": 65,
              "s": [
                30,
                65,
                0
              ],
              "e": [
                30,
                85,
                0
              ],
              "to": [
                0,
                0,
                0
              ],
              "ti": [
                0,
                -3.33333325386047,
                0
              ]
            },
            {
              "t": 80
            }
          ],
          "ix": 2
        },
        "a": {
          "a": 0,
          "k": [
            15.25,
            15.25,
            0
          ],
          "ix": 1
        },
        "s": {
          "a": 0,
          "k": [
            100,
            100,
            100
          ],
          "ix": 6
        }
      },
      "ao": 0,
      "shapes": [
        {
          "ty": "gr",
          "it": [
            {
              "ind": 0,
              "ty": "sh",
              "ix": 1,
              "ks": {
                "a": 0,
                "k": {
                  "i": [
                    [
                      0,
                      -8.284
                    ],
                    [
                      8.284,
                      0
                    ],
                    [
                      0,
                      8.284
                    ],
                    [
                      -8.284,
                      0
                    ]
                  ],
                  "o": [
                    [
                      0,
                      8.284
                    ],
                    [
                      -8.284,
                      0
                    ],
                    [
                      0,
                      -8.284
                    ],
                    [
                      8.284,
                      0
                    ]
                  ],
                  "v": [
                    [
                      15,
                      0
                    ],
                    [
                      0,
                      15
                    ],
                    [
                      -15,
                      0
                    ],
                    [
                      0,
                      -15
                    ]
                  ],
                  "c": true
                },
                "ix": 2
              },
              "nm": "Caminho 1",
              "mn": "ADBE Vector Shape - Group",
              "hd": false
            },
            {
              "ty": "fl",
              "c": {
                "a": 0,
                "k": [
                  0.859,
                  0.094,
                  0.094,
                  1
                ],
                "ix": 4
              },
              "o": {
                "a": 0,
                "k": 100,
                "ix": 5
              },
              "r": 1,
              "nm": "Preenchimento 1",
              "mn": "ADBE Vector Graphic - Fill",
              "hd": false
            },
            {
              "ty": "tr",
              "p": {
                "a": 0,
                "k": [
                  15.25,
                  15.25
                ],
                "ix": 2
              },
              "a": {
                "a": 0,
                "k": [
                  0,
                  0
                ],
                "ix": 1
              },
              "s": {
                "a": 0,
                "k": [
                  100,
                  100
                ],
                "ix": 3
              },
              "r": {
                "a": 0,
                "k": 0,
                "ix": 6
              },
              "o": {
                "a": 0,
                "k": 100,
                "ix": 7
              },
              "sk": {
                "a": 0,
                "k": 0,
                "ix": 4
              },
              "sa": {
                "a": 0,
                "k": 0,
                "ix": 5
              },
              "nm": "Transformar"
            }
          ],
          "nm": "Grupo 2",
          "np": 2,
          "cix": 2,
          "ix": 1,
          "mn": "ADBE Vector Group",
          "hd": false
        }
      ],
      "ip": 0,
      "op": 90,
      "st": 0,
      "bm": 0
    },
    {
      "ddd": 0,
      "ind": 2,
      "ty": 4,
      "nm": "Dot 2",
      "sr": 1,
      "ks": {
        "o": {
          "a": 0,
          "k": 100,
          "ix": 11
        },
        "r": {
          "a": 0,
          "k": 0,
          "ix": 10
        },
        "p": {
          "a": 1,
          "k": [
            {
              "i": {
                "x": 0.6,
                "y": 1
              },
              "o": {
                "x": 0.4,
                "y": 0
              },
              "n": "0p6_1_0p4_0",
              "t": 24,
              "s": [
                75,
                85,
                0
              ],
              "e": [
                75,
                65,
                0
              ],
              "to": [
                0,
                -3.33333325386047,
                0
              ],
              "ti": [
                0,
                0,
                0
              ]
            },
            {
              "i": {
                "x": 0.833,
                "y": 1
              },
              "o": {
                "x": 0.4,
                "y": 0
              },
              "n": "0p833_1_0p4_0",
              "t": 39,
              "s": [
                75,
                65,
                0
              ],
              "e": [
                75,
                85,
                0
              ],
              "to": [
                0,
                0,
                0
              ],
              "ti": [
                0,
                0,
                0
              ]
            },
            {
              "i": {
                "x": 0.6,
                "y": 1
              },
              "o": {
                "x": 0.4,
                "y": 0
              },
              "n": "0p6_1_0p4_0",
              "t": 54,
              "s": [
                75,
                85,
                0
              ],
              "e": [
                75,
                65,
                0
              ],
              "to": [
                0,
                0,
                0
              ],
              "ti": [
                0,
                0,
                0
              ]
            },
            {
              "i": {
                "x": 0.833,
                "y": 1
              },
              "o": {
                "x": 0.4,
                "y": 0
              },
              "n": "0p833_1_0p4_0",
              "t": 69,
              "s": [
                75,
                65,
                0
              ],
              "e": [
                75,
                85,
                0
              ],
              "to": [
                0,
                0,
                0
              ],
              "ti": [
                0,
                -3.33333325386047,
                0
              ]
            },
            {
              "t": 84
            }
          ],
          "ix": 2
        },
        "a": {
          "a": 0,
          "k": [
            60.25,
            15.25,
            0
          ],
          "ix": 1
        },
        "s": {
          "a": 0,
          "k": [
            100,
            100,
            100
          ],
          "ix": 6
        }
      },
      "ao": 0,
      "shapes": [
        {
          "ty": "gr",
          "it": [
            {
              "ind": 0,
              "ty": "sh",
              "ix": 1,
              "ks": {
                "a": 0,
                "k": {
                  "i": [
                    [
                      0,
                      -8.284
                    ],
                    [
                      8.284,
                      0
                    ],
                    [
                      0,
                      8.284
                    ],
                    [
                      -8.284,
                      0
                    ]
                  ],
                  "o": [
                    [
                      0,
                      8.284
                    ],
                    [
                      -8.284,
                      0
                    ],
                    [
                      0,
                      -8.284
                    ],
                    [
                      8.284,
                      0
                    ]
                  ],
                  "v": [
                    [
                      15,
                      0
                    ],
                    [
                      0,
                      15
                    ],
                    [
                      -15,
                      0
                    ],
                    [
                      0,
                      -15
                    ]
                  ],
                  "c": true
                },
                "ix": 2
              },
              "nm": "Caminho 1",
              "mn": "ADBE Vector Shape - Group",
              "hd": false
            },
            {
              "ty": "fl",
              "c": {
                "a": 0,
                "k": [
                  0.859,
                  0.094,
                  0.094,
                  1
                ],
                "ix": 4
              },
              "o": {
                "a": 0,
                "k": 100,
                "ix": 5
              },
              "r": 1,
              "nm": "Preenchimento 1",
              "mn": "ADBE Vector Graphic - Fill",
              "hd": false
            },
            {
              "ty": "tr",
              "p": {
                "a": 0,
                "k": [
                  60.25,
                  15.25
                ],
                "ix": 2
              },
              "a": {
                "a": 0,
                "k": [
                  0,
                  0
                ],
                "ix": 1
              },
              "s": {
                "a": 0,
                "k": [
                  100,
                  100
                ],
                "ix": 3
              },
              "r": {
                "a": 0,
                "k": 0,
                "ix": 6
              },
              "o": {
                "a": 0,
                "k": 100,
                "ix": 7
              },
              "sk": {
                "a": 0,
                "k": 0,
                "ix": 4
              },
              "sa": {
                "a": 0,
                "k": 0,
                "ix": 5
              },
              "nm": "Transformar"
            }
          ],
          "nm": "Grupo 3",
          "np": 2,
          "cix": 2,
          "ix": 1,
          "mn": "ADBE Vector Group",
          "hd": false
        }
      ],
      "ip": 0,
      "op": 90,
      "st": 0,
      "bm": 0
    },
    {
      "ddd": 0,
      "ind": 3,
      "ty": 4,
      "nm": "Dot",
      "sr": 1,
      "ks": {
        "o": {
          "a": 0,
          "k": 100,
          "ix": 11
        },
        "r": {
          "a": 0,
          "k": 0,
          "ix": 10
        },
        "p": {
          "a": 1,
          "k": [
            {
              "i": {
                "x": 0.6,
                "y": 1
              },
              "o": {
                "x": 0.4,
                "y": 0
              },
              "n": "0p6_1_0p4_0",
              "t": 28,
              "s": [
                120,
                85,
                0
              ],
              "e": [
                120,
                65,
                0
              ],
              "to": [
                0,
                -3.33333325386047,
                0
              ],
              "ti": [
                0,
                0,
                0
              ]
            },
            {
              "i": {
                "x": 0.833,
                "y": 1
              },
              "o": {
                "x": 0.4,
                "y": 0
              },
              "n": "0p833_1_0p4_0",
              "t": 43,
              "s": [
                120,
                65,
                0
              ],
              "e": [
                120,
                85,
                0
              ],
              "to": [
                0,
                0,
                0
              ],
              "ti": [
                0,
                0,
                0
              ]
            },
            {
              "i": {
                "x": 0.6,
                "y": 1
              },
              "o": {
                "x": 0.4,
                "y": 0
              },
              "n": "0p6_1_0p4_0",
              "t": 58,
              "s": [
                120,
                85,
                0
              ],
              "e": [
                120,
                65,
                0
              ],
              "to": [
                0,
                0,
                0
              ],
              "ti": [
                0,
                0,
                0
              ]
            },
            {
              "i": {
                "x": 0.6,
                "y": 1
              },
              "o": {
                "x": 0.4,
                "y": 0
              },
              "n": "0p6_1_0p4_0",
              "t": 73,
              "s": [
                120,
                65,
                0
              ],
              "e": [
                120,
                85,
                0
              ],
              "to": [
                0,
                0,
                0
              ],
              "ti": [
                0,
                -3.33333325386047,
                0
              ]
            },
            {
              "t": 88
            }
          ],
          "ix": 2
        },
        "a": {
          "a": 0,
          "k": [
            105.25,
            15.25,
            0
          ],
          "ix": 1
        },
        "s": {
          "a": 0,
          "k": [
            100,
            100,
            100
          ],
          "ix": 6
        }
      },
      "ao": 0,
      "shapes": [
        {
          "ty": "gr",
          "it": [
            {
              "ind": 0,
              "ty": "sh",
              "ix": 1,
              "ks": {
                "a": 0,
                "k": {
                  "i": [
                    [
                      0,
                      -8.284
                    ],
                    [
                      8.284,
                      0
                    ],
                    [
                      0,
                      8.284
                    ],
                    [
                      -8.284,
                      0
                    ]
                  ],
                  "o": [
                    [
                      0,
                      8.284
                    ],
                    [
                      -8.284,
                      0
                    ],
                    [
                      0,
                      -8.284
                    ],
                    [
                      8.284,
                      0
                    ]
                  ],
                  "v": [
                    [
                      15,
                      0
                    ],
                    [
                      0,
                      15
                    ],
                    [
                      -15,
                      0
                    ],
                    [
                      0,
                      -15
                    ]
                  ],
                  "c": true
                },
                "ix": 2
              },
              "nm": "Caminho 1",
              "mn": "ADBE Vector Shape - Group",
              "hd": false
            },
            {
              "ty": "fl",
              "c": {
                "a": 0,
                "k": [
                  0.859,
                  0.094,
                  0.094,
                  1
                ],
                "ix": 4
              },
              "o": {
                "a": 0,
                "k": 100,
                "ix": 5
              },
              "r": 1,
              "nm": "Preenchimento 1",
              "mn": "ADBE Vector Graphic - Fill",
              "hd": false
            },
            {
              "ty": "tr",
              "p": {
                "a": 0,
                "k": [
                  105.25,
                  15.25
                ],
                "ix": 2
              },
              "a": {
                "a": 0,
                "k": [
                  0,
                  0
                ],
                "ix": 1
              },
              "s": {
                "a": 0,
                "k": [
                  100,
                  100
                ],
                "ix": 3
              },
              "r": {
                "a": 0,
                "k": 0,
                "ix": 6
              },
              "o": {
                "a": 0,
                "k": 100,
                "ix": 7
              },
              "sk": {
                "a": 0,
                "k": 0,
                "ix": 4
              },
              "sa": {
                "a": 0,
                "k": 0,
                "ix": 5
              },
              "nm": "Transformar"
            }
          ],
          "nm": "Grupo 1",
          "np": 2,
          "cix": 2,
          "ix": 1,
          "mn": "ADBE Vector Group",
          "hd": false
        }
      ],
      "ip": 0,
      "op": 90,
      "st": 0,
      "bm": 0
    }
  ],
  "markers": []
}